Category,Sub-Category,Order Year,Order Quarter,Season,Sales,Profit,Quantity,Order_Count,Customer_Count,Profit_Margin,Revenue_per_Customer,Profit_per_Order
Furniture,Bookcases,2014,1,Spring,1706.446,-141.225,17,3,3,-0.08275972401119051,568.8153333333333,-47.074999999999996
Furniture,Bookcases,2014,1,Winter,1010.0550000000001,-326.7848,16,5,5,-0.323531688868428,202.01100000000002,-65.35696
Furniture,Bookcases,2014,2,Spring,949.13,-207.7685,12,3,3,-0.2189041543308082,316.37666666666667,-69.25616666666666
Furniture,Bookcases,2014,2,Summer,759.5735999999999,-6.576599999999999,9,3,3,-0.0086582788027388,253.19119999999998,-2.1921999999999997
Furniture,Bookcases,2014,3,Fall,2394.4698,-120.9292,15,5,5,-0.05050353944743843,478.89396,-24.18584
Furniture,Bookcases,2014,3,Summer,2281.949,431.6472,22,4,4,0.18915725110420958,570.48725,107.9118
Furniture,Bookcases,2014,4,Fall,7880.711700000001,-151.37939999999995,45,10,10,-0.01920884886576931,788.07117,-15.137939999999995
Furniture,Bookcases,2014,4,Winter,3054.3424999999997,176.84560000000002,17,4,4,0.05789972801020188,763.5856249999999,44.211400000000005
Furniture,Bookcases,2015,1,Spring,2625.422,-2.4864000000000033,18,5,5,-0.0009470477507996822,525.0844,-0.49728000000000067
Furniture,Bookcases,2015,1,Winter,2088.7676,-599.5265999999999,18,3,3,-0.2870240806109784,696.2558666666667,-199.84219999999996
Furniture,Bookcases,2015,2,Spring,2792.5275,96.79490000000001,26,4,4,0.034662111653331974,698.131875,24.198725000000003
Furniture,Bookcases,2015,2,Summer,482.94,-376.6932,6,1,1,-0.78,482.94,-376.6932
Furniture,Bookcases,2015,3,Fall,10685.208999999999,-1437.2216,34,7,7,-0.13450570784343108,1526.4584285714284,-205.31737142857145
Furniture,Bookcases,2015,3,Summer,6665.3482,-268.03279999999995,55,12,12,-0.0402128728998734,555.4456833333334,-22.336066666666664
Furniture,Bookcases,2015,4,Fall,10551.116,825.5462999999999,60,17,17,0.0782425574697501,620.6538823529412,48.56154705882352
Furniture,Bookcases,2015,4,Winter,2652.2422,-993.6108,25,8,8,-0.37463049189097436,331.530275,-124.20135
Furniture,Bookcases,2016,1,Spring,1091.855,-544.2578,15,5,5,-0.49847076763856,218.371,-108.85155999999999
Furniture,Bookcases,2016,1,Winter,2479.516,438.2936,16,5,5,0.1767657881618832,495.9032,87.65872
Furniture,Bookcases,2016,2,Spring,1557.768,114.65039999999999,19,4,4,0.07359914955243656,389.442,28.662599999999998
Furniture,Bookcases,2016,2,Summer,2596.0429999999997,301.6542,17,5,5,0.11619769009989435,519.2085999999999,60.33084
Furniture,Bookcases,2016,3,Fall,6656.9959,-300.809,40,11,11,-0.04518689879319289,605.1814454545455,-27.34627272727273
Furniture,Bookcases,2016,3,Summer,3102.8638,184.96480000000003,27,7,7,0.0596109954939047,443.26625714285717,26.42354285714286
Furniture,Bookcases,2016,4,Fall,7173.7228,129.23219999999998,41,12,12,0.018014663181577073,597.8102333333333,10.769349999999998
Furniture,Bookcases,2016,4,Winter,1616.702,-111.25739999999999,22,5,5,-0.06881750625656428,323.3404,-22.251479999999997
Furniture,Bookcases,2017,1,Spring,1928.1928,6.341200000000001,11,4,4,0.003288675281849409,482.0482,1.5853000000000002
Furniture,Bookcases,2017,1,Winter,1423.6434,186.7912,16,7,7,0.13120645240233617,203.37762857142857,26.684457142857145
Furniture,Bookcases,2017,2,Spring,5710.6368,-203.79859999999994,74,16,16,-0.03568754363786538,356.9148,-12.737412499999996
Furniture,Bookcases,2017,2,Summer,5309.0727,313.1869,39,10,10,0.05899088554579409,530.9072699999999,31.318689999999997
Furniture,Bookcases,2017,3,Fall,3635.856,-150.5328,23,7,7,-0.04140229976104664,519.408,-21.504685714285717
Furniture,Bookcases,2017,3,Summer,2160.367,158.1508,20,7,6,0.07320552480203595,360.0611666666667,22.592971428571428
Furniture,Bookcases,2017,4,Fall,6202.4132,-526.976,43,13,13,-0.08496305921701573,477.1087076923077,-40.53661538461539
Furniture,Bookcases,2017,4,Winter,3654.0978,-366.7888,50,12,12,-0.10037739000855422,304.50815,-30.56573333333333
Furniture,Chairs,2014,1,Spring,5713.142,354.1411,54,11,11,0.061987099217908466,519.3765454545454,32.19464545454545
Furniture,Chairs,2014,1,Winter,4378.158,1048.9541,21,5,5,0.23958799568220238,875.6316,209.79082
Furniture,Chairs,2014,2,Spring,6885.775,437.1497,52,15,15,0.06348591117194506,459.0516666666666,29.14331333333333
Furniture,Chairs,2014,2,Summer,6456.001,634.9176,38,7,7,0.09834533792668247,922.2858571428571,90.70251428571429
Furniture,Chairs,2014,3,Fall,13849.185,1433.8842,69,15,14,0.10353563765665633,989.2275,95.59228
Furniture,Chairs,2014,3,Summer,8955.182,438.0076000000001,67,18,18,0.04891107740747201,497.51011111111114,24.33375555555556
Furniture,Chairs,2014,4,Fall,13769.159,1027.5315,106,29,29,0.07462558170764097,474.7985862068965,35.43212068965517
Furniture,Chairs,2014,4,Winter,17234.974000000002,1580.4612,133,24,24,0.09170081718719157,718.1239166666668,65.85255
Furniture,Chairs,2015,1,Spring,4085.233,320.4122,34,8,8,0.07843180548086241,510.654125,40.051525
Furniture,Chairs,2015,1,Winter,5361.68,250.04100000000003,37,8,8,0.046634823413556944,670.21,31.255125000000003
Furniture,Chairs,2015,2,Spring,9953.554,869.4044,77,19,18,0.08734612782529738,552.9752222222222,45.758126315789475
Furniture,Chairs,2015,2,Summer,3937.888,98.65839999999999,24,6,6,0.025053632810277993,656.3146666666667,16.443066666666663
Furniture,Chairs,2015,3,Fall,9519.923999999999,1935.7314000000001,63,17,17,0.20333475351273816,559.9955294117647,113.86655294117648
Furniture,Chairs,2015,3,Summer,8752.575,194.9898,70,17,17,0.02227799247649977,514.8573529411765,11.469988235294117
Furniture,Chairs,2015,4,Fall,19846.690000000002,1563.2727,147,30,28,0.07876742670944122,708.8103571428572,52.10909
Furniture,Chairs,2015,4,Winter,10276.985,995.9062,76,16,15,0.0969064565142403,685.1323333333333,62.2441375
Furniture,Chairs,2016,1,Spring,6021.038,56.005799999999965,50,11,11,0.009301685191158064,547.3670909090908,5.091436363636361
Furniture,Chairs,2016,1,Winter,3327.688,309.38,29,7,7,0.09297145645865838,475.384,44.19714285714286
Furniture,Chairs,2016,2,Spring,16344.489,1664.7424,102,23,22,0.10185343818335343,742.9313181818181,72.38010434782609
Furniture,Chairs,2016,2,Summer,2634.76,-63.2476,26,9,9,-0.02400507067057341,292.75111111111113,-7.027511111111111
Furniture,Chairs,2016,3,Fall,11296.44,655.7049,84,25,24,0.058045269129035335,470.685,26.228195999999997
Furniture,Chairs,2016,3,Summer,10259.636,259.0528,71,20,19,0.025249706714741145,539.9808421052632,12.952639999999999
Furniture,Chairs,2016,4,Fall,19083.962,862.9759999999999,156,38,37,0.04521996009004838,515.7827567567567,22.709894736842102
Furniture,Chairs,2016,4,Winter,14950.632,2018.5396,96,24,23,0.1350136636364269,650.0274782608695,84.10581666666667
Furniture,Chairs,2017,1,Spring,5524.914,1021.4723,32,8,8,0.18488474209734307,690.61425,127.6840375
Furniture,Chairs,2017,1,Winter,5800.583,57.24929999999999,35,11,11,0.009869576902873383,527.3257272727272,5.204481818181818
Furniture,Chairs,2017,2,Spring,11236.597,457.44460000000004,90,20,20,0.04071024350165802,561.82985,22.872230000000002
Furniture,Chairs,2017,2,Summer,8494.718,813.5082,53,14,14,0.0957663573999749,606.7655714285714,58.107728571428574
Furniture,Chairs,2017,3,Fall,16911.668999999998,2019.5066,113,28,27,0.11941497908929037,626.358111111111,72.12523571428571
Furniture,Chairs,2017,3,Summer,13388.762,402.4936,83,24,23,0.030062047558990144,582.1200869565217,16.770566666666667
Furniture,Chairs,2017,4,Fall,19230.652000000002,851.4416000000001,143,41,39,0.04427523310182099,493.0936410256411,20.76686829268293
Furniture,Chairs,2017,4,Winter,14966.458,2020.4331,125,28,26,0.13499741221336403,575.633,72.158325
Furniture,Furnishings,2014,1,Spring,480.128,38.3162,32,8,8,0.07980413556384965,60.016,4.789525
Furniture,Furnishings,2014,1,Winter,1104.75,145.2657,47,13,13,0.1314919212491514,84.98076923076923,11.174284615384616
Furniture,Furnishings,2014,2,Spring,1764.212,285.8349,73,19,19,0.1620184535645376,92.85326315789473,15.043942105263158
Furniture,Furnishings,2014,2,Summer,432.75,66.0426,39,10,10,0.15261143847487,43.275,6.604259999999999
Furniture,Furnishings,2014,3,Fall,2960.956,721.3685,90,27,27,0.24362688942355104,109.66503703703704,26.717351851851852
Furniture,Furnishings,2014,3,Summer,1900.3799999999999,384.1119,102,23,23,0.20212373314810722,82.62521739130435,16.70051739130435
Furniture,Furnishings,2014,4,Fall,3105.574,347.2312,154,38,38,0.11180902467627563,81.72563157894737,9.137663157894737
Furniture,Furnishings,2014,4,Winter,2077.484,-15.279100000000003,123,30,30,-0.007354617412215932,69.24946666666666,-0.5093033333333334
Furniture,Furnishings,2015,1,Spring,1435.958,316.1782,46,11,11,0.22018624500159475,130.54163636363637,28.743472727272728
Furniture,Furnishings,2015,1,Winter,1476.218,8.080799999999996,52,8,8,0.005473988259186649,184.52725,1.0100999999999996
Furniture,Furnishings,2015,2,Spring,4525.382,666.2991000000001,113,27,26,0.1472359902434756,174.05315384615383,24.677744444444446
Furniture,Furnishings,2015,2,Summer,2496.926,391.0156,75,17,17,0.1565987938769511,146.878,23.000917647058824
Furniture,Furnishings,2015,3,Fall,2199.624,516.0722,87,23,22,0.2346183711397948,99.98290909090908,22.437921739130434
Furniture,Furnishings,2015,3,Summer,2258.364,344.4433,101,24,24,0.15251894734418367,94.0985,14.351804166666668
Furniture,Furnishings,2015,4,Fall,4166.638,518.1594,185,44,43,0.12435911159068774,96.89855813953488,11.77635
Furniture,Furnishings,2015,4,Winter,2530.602,291.57030000000003,111,28,27,0.11521776241384463,93.726,10.413225
Furniture,Furnishings,2016,1,Spring,2279.726,406.07959999999997,68,15,15,0.17812649414885823,151.98173333333335,27.071973333333332
Furniture,Furnishings,2016,1,Winter,1918.462,276.4774,104,22,22,0.14411408722195174,87.20281818181819,12.567154545454544
Furniture,Furnishings,2016,2,Spring,3731.792,656.0135,168,39,37,0.17579047814026078,100.85924324324324,16.820858974358973
Furniture,Furnishings,2016,2,Summer,1537.424,-296.2466,49,12,12,-0.192690240298057,128.11866666666666,-24.687216666666668
Furniture,Furnishings,2016,3,Fall,3661.826,614.9823,132,34,34,0.16794416228406264,107.70076470588235,18.08771470588235
Furniture,Furnishings,2016,3,Summer,2677.112,122.06260000000003,119,24,24,0.045594879855605605,111.54633333333334,5.085941666666668
Furniture,Furnishings,2016,4,Fall,6519.26,721.5435,245,57,56,0.11067874267938385,116.41535714285715,12.658657894736843
Furniture,Furnishings,2016,4,Winter,5548.522,1434.3577,151,32,32,0.2585116721173675,173.3913125,44.823678125
Furniture,Furnishings,2017,1,Spring,963.234,140.66930000000002,59,16,16,0.14603855345637717,60.202125,8.791831250000001
Furniture,Furnishings,2017,1,Winter,1795.866,209.2581,72,24,24,0.11652211245159717,74.82775,8.7190875
Furniture,Furnishings,2017,2,Spring,4410.404,739.037,164,44,44,0.1675667353829717,100.23645454545455,16.796295454545454
Furniture,Furnishings,2017,2,Summer,1456.374,198.2182,61,19,17,0.13610391286853513,85.66905882352941,10.432536842105263
Furniture,Furnishings,2017,3,Fall,2982.504,547.8601,133,35,34,0.18369132111809405,87.72070588235295,15.653145714285714
Furniture,Furnishings,2017,3,Summer,4806.79,685.9549000000001,162,41,41,0.1427054021498755,117.23878048780487,16.730607317073172
Furniture,Furnishings,2017,4,Fall,8438.254,1308.086,275,68,65,0.15501856189680943,129.8192923076923,19.23655882352941
Furniture,Furnishings,2017,4,Winter,4061.668,270.0792,171,45,45,0.06649465195087338,90.25928888888889,6.00176
Furniture,Tables,2014,1,Spring,6674.24,-1379.8872999999999,28,6,6,-0.20674822901184253,1112.3733333333332,-229.98121666666665
Furniture,Tables,2014,1,Winter,1589.22,58.7232,9,2,2,0.03695095707328123,794.61,29.3616
Furniture,Tables,2014,2,Spring,5258.507,-310.71360000000004,41,10,10,-0.05908779811455991,525.8507,-31.071360000000006
Furniture,Tables,2014,2,Summer,5557.8009999999995,-98.06829999999998,36,8,8,-0.017645162178350753,694.7251249999999,-12.258537499999997
Furniture,Tables,2014,3,Fall,4611.87,-175.72590000000005,34,7,7,-0.03810296040434792,658.8385714285714,-25.103700000000007
Furniture,Tables,2014,3,Summer,5003.8865000000005,-216.04829999999998,30,11,11,-0.04317609921807778,454.8987727272728,-19.640754545454545
Furniture,Tables,2014,4,Fall,9113.675,-1272.1145999999999,53,14,14,-0.13958305513418023,650.9767857142857,-90.86532857142856
Furniture,Tables,2014,4,Winter,8279.166,269.7921,39,7,7,0.03258686925712083,1182.7379999999998,38.54172857142857
Furniture,Tables,2015,1,Spring,4353.17,820.9533,13,3,3,0.18858746614536073,1451.0566666666666,273.6511
Furniture,Tables,2015,1,Winter,5947.650000000001,-2277.9004,26,5,5,-0.38299166897850406,1189.5300000000002,-455.58008
Furniture,Tables,2015,2,Spring,2579.1855,-393.2635,17,6,6,-0.15247584944937076,429.86425,-65.54391666666668
Furniture,Tables,2015,2,Summer,796.425,-525.6405,7,1,1,-0.66,796.425,-525.6405
Furniture,Tables,2015,3,Fall,3868.266,335.53650000000005,21,8,8,0.0867408032436239,483.53325,41.942062500000006
Furniture,Tables,2015,3,Summer,5636.725,-1083.965,48,11,11,-0.19230404179732022,512.4295454545455,-98.54227272727272
Furniture,Tables,2015,4,Fall,8343.011999999999,-520.4707,58,14,14,-0.062384028693713976,595.9294285714285,-37.17647857142857
Furniture,Tables,2015,4,Winter,7625.99,134.94840000000005,45,8,8,0.017695853259707926,953.24875,16.868550000000006
Furniture,Tables,2016,1,Spring,3408.473,-473.0956,29,8,8,-0.1387998672719426,426.059125,-59.13695
Furniture,Tables,2016,1,Winter,3822.6279999999997,-343.1551,21,6,6,-0.08976942040920541,637.1046666666666,-57.19251666666667
Furniture,Tables,2016,2,Spring,6697.876,-246.099,38,9,9,-0.036742842059184135,744.2084444444445,-27.34433333333333
Furniture,Tables,2016,2,Summer,6302.345,-48.42650000000001,36,9,9,-0.00768388591865409,700.2605555555556,-5.380722222222223
Furniture,Tables,2016,3,Fall,5647.619000000001,-267.27570000000003,28,9,9,-0.04732537729616676,627.5132222222223,-29.697300000000002
Furniture,Tables,2016,3,Summer,9512.1395,-21.318600000000004,57,12,12,-0.0022411992591151553,792.6782916666666,-1.7765500000000003
Furniture,Tables,2016,4,Fall,10879.261,-1038.6028999999999,63,14,14,-0.09546630970614639,777.0900714285715,-74.18592142857142
Furniture,Tables,2016,4,Winter,14562.859,-512.9684,74,19,19,-0.035224429488742555,766.4662631578948,-26.99833684210526
Furniture,Tables,2017,1,Spring,2477.1040000000003,-167.62959999999998,21,5,5,-0.06767160361454343,495.42080000000004,-33.52592
Furniture,Tables,2017,1,Winter,3810.277,-691.7809,34,8,8,-0.18155659024265164,476.284625,-86.4726125
Furniture,Tables,2017,2,Spring,4665.8785,-863.1034999999999,31,9,9,-0.184981992137172,518.4309444444444,-95.90038888888888
Furniture,Tables,2017,2,Summer,3748.422,-419.9177,23,8,8,-0.11202519353477278,468.55275,-52.4897125
Furniture,Tables,2017,3,Fall,5498.177000000001,-868.1502,33,9,9,-0.15789782686152154,610.9085555555556,-96.46113333333334
Furniture,Tables,2017,3,Summer,6898.977,-599.7359,45,13,13,-0.0869311348624586,530.6905384615385,-46.133530769230774
Furniture,Tables,2017,4,Fall,25069.464,-3753.4082,155,36,35,-0.14972032110459163,716.2704,-104.26133888888889
Furniture,Tables,2017,4,Winter,8725.243,-776.9687,48,12,12,-0.0890483737816815,727.1035833333334,-64.74739166666667
Office Supplies,Appliances,2014,1,Spring,502.962,-361.5468,13,5,5,-0.7188352201557971,100.5924,-72.30936
Office Supplies,Appliances,2014,1,Winter,402.5,109.08679999999998,12,4,4,0.27102310559006204,100.625,27.271699999999996
Office Supplies,Appliances,2014,2,Spring,1451.176,226.40300000000002,36,11,11,0.15601346769792226,131.9250909090909,20.582090909090912
Office Supplies,Appliances,2014,2,Summer,2275.246,733.4425,30,7,7,0.32235745057897036,325.0351428571429,104.7775
Office Supplies,Appliances,2014,3,Fall,2413.264,-169.1218,70,18,18,-0.07008010727380012,134.07022222222224,-9.395655555555557
Office Supplies,Appliances,2014,3,Summer,2178.493,489.7464,37,14,14,0.22480971937940586,155.60664285714284,34.98188571428572
Office Supplies,Appliances,2014,4,Fall,3064.6240000000003,759.4002,58,17,17,0.2477955533859945,180.27200000000002,44.6706
Office Supplies,Appliances,2014,4,Winter,3025.36,672.0896,58,15,15,0.22215194224819526,201.6906666666667,44.805973333333334
Office Supplies,Appliances,2015,1,Spring,1300.684,-272.1955,27,7,7,-0.2092710450808959,185.81199999999998,-38.88507142857143
Office Supplies,Appliances,2015,1,Winter,819.12,233.088,21,4,4,0.28455903896864926,204.78,58.272
Office Supplies,Appliances,2015,2,Spring,6467.598,-129.7106,103,23,23,-0.0200554518076108,281.19991304347826,-5.639591304347826
Office Supplies,Appliances,2015,2,Summer,143.128,-393.602,2,1,1,-2.75,143.128,-393.602
Office Supplies,Appliances,2015,3,Fall,2165.732,637.2759,32,10,10,0.29425427522888337,216.57319999999999,63.72759
Office Supplies,Appliances,2015,3,Summer,1155.856,56.947600000000016,36,9,9,0.04926876704364559,128.42844444444444,6.327511111111113
Office Supplies,Appliances,2015,4,Fall,9040.773,1992.0749,95,23,22,0.22034342638621723,410.94422727272723,86.61195217391305
Office Supplies,Appliances,2015,4,Winter,2148.398,388.01739999999995,49,12,12,0.18060778310164127,179.0331666666667,32.33478333333333
Office Supplies,Appliances,2016,1,Spring,2456.368,529.7849,24,7,7,0.21567814757397916,350.9097142857143,75.68355714285714
Office Supplies,Appliances,2016,1,Winter,818.128,-32.225599999999986,22,4,4,-0.03938943539397256,204.532,-8.056399999999996
Office Supplies,Appliances,2016,2,Spring,2426.084,268.9655,55,17,17,0.11086405087375377,142.71082352941175,15.8215
Office Supplies,Appliances,2016,2,Summer,1901.362,252.55879999999996,33,11,10,0.13283046573982227,190.1362,22.959890909090905
Office Supplies,Appliances,2016,3,Fall,2526.412,136.55660000000006,45,12,12,0.05405159570173039,210.5343333333333,11.379716666666672
Office Supplies,Appliances,2016,3,Summer,5235.376,1082.1835,75,20,20,0.20670597489081968,261.7688,54.10917500000001
Office Supplies,Appliances,2016,4,Fall,5934.534,1773.7038,78,21,20,0.2988783618056616,296.7267,84.46208571428572
Office Supplies,Appliances,2016,4,Winter,4752.051,1289.8139999999999,64,20,20,0.2714225920555145,237.60255,64.49069999999999
Office Supplies,Appliances,2017,1,Spring,2473.614,308.37390000000005,56,13,13,0.1246653277350468,190.278,23.721069230769235
Office Supplies,Appliances,2017,1,Winter,6069.482,1400.3828,62,14,14,0.2307252579379921,433.5344285714286,100.02734285714287
Office Supplies,Appliances,2017,2,Spring,3222.878,548.3643999999999,75,23,23,0.17014742723739462,140.12513043478262,23.841930434782604
Office Supplies,Appliances,2017,2,Summer,3159.7239999999997,896.7264,45,10,10,0.2837989647197034,315.9724,89.67264
Office Supplies,Appliances,2017,3,Fall,3087.62,426.6953,65,21,20,0.13819553572006918,154.381,20.31882380952381
Office Supplies,Appliances,2017,3,Summer,8315.188,1818.0189,112,23,23,0.21863833986675948,361.52991304347825,79.0443
Office Supplies,Appliances,2017,4,Fall,10081.598,1776.2735,138,31,31,0.17618967746978206,325.21283870967744,57.299145161290326
Office Supplies,Appliances,2017,4,Winter,6516.828,690.4331,101,24,24,0.10594619038587483,271.53450000000004,28.768045833333332
Office Supplies,Art,2014,1,Spring,413.26800000000003,108.3424,72,19,19,0.26216014789434455,21.750947368421055,5.7022315789473685
Office Supplies,Art,2014,1,Winter,250.654,64.7625,50,10,10,0.25837409337173955,25.0654,6.47625
Office Supplies,Art,2014,2,Spring,856.136,228.5778,111,22,22,0.2669877215769457,38.91527272727273,10.389899999999999
Office Supplies,Art,2014,2,Summer,686.112,178.2599,81,18,18,0.25981166340189354,38.117333333333335,9.903327777777777
Office Supplies,Art,2014,3,Fall,759.86,203.9489,72,17,17,0.2684032584949859,44.69764705882353,11.99699411764706
Office Supplies,Art,2014,3,Summer,459.702,108.5284,70,22,22,0.23608424588102728,20.895545454545456,4.933109090909091
Office Supplies,Art,2014,4,Fall,1167.142,321.873,97,30,30,0.2757787827016764,38.90473333333333,10.729099999999999
Office Supplies,Art,2014,4,Winter,1465.108,192.5102,60,14,14,0.1313965932886859,104.65057142857142,13.75072857142857
Office Supplies,Art,2015,1,Spring,137.596,30.3924,18,8,8,0.22088142097153984,17.1995,3.79905
Office Supplies,Art,2015,1,Winter,562.5980000000001,139.055,47,14,14,0.24716582710923252,40.185571428571436,9.932500000000001
Office Supplies,Art,2015,2,Spring,1173.554,222.25039999999998,101,27,27,0.18938233775352473,43.464962962962964,8.231496296296296
Office Supplies,Art,2015,2,Summer,394.318,101.107,31,11,11,0.2564098012264213,35.84709090909091,9.191545454545455
Office Supplies,Art,2015,3,Fall,1120.568,246.01919999999998,86,19,19,0.2195486574665705,58.97726315789473,12.94837894736842
Office Supplies,Art,2015,3,Summer,636.25,161.4833,89,21,21,0.2538047937131631,30.297619047619047,7.689680952380953
Office Supplies,Art,2015,4,Fall,1299.904,370.34590000000003,133,30,30,0.28490250049234406,43.330133333333336,12.344863333333334
Office Supplies,Art,2015,4,Winter,912.046,214.405,103,27,25,0.235081344581304,36.481840000000005,7.940925925925926
Office Supplies,Art,2016,1,Spring,309.026,56.8696,24,8,8,0.18402852834389338,38.62825,7.1087
Office Supplies,Art,2016,1,Winter,536.97,112.9533,37,11,11,0.210353092351528,48.81545454545455,10.268481818181819
Office Supplies,Art,2016,2,Spring,1350.008,331.0439,133,27,26,0.245216250570367,51.92338461538462,12.260885185185186
Office Supplies,Art,2016,2,Summer,118.166,34.3096,36,10,10,0.290350862346191,11.8166,3.4309600000000002
Office Supplies,Art,2016,3,Fall,809.268,186.0178,100,29,29,0.22985932966582145,27.90579310344828,6.414406896551724
Office Supplies,Art,2016,3,Summer,1060.424,221.1936,102,22,22,0.20858977163851442,48.20109090909091,10.054254545454546
Office Supplies,Art,2016,4,Fall,1380.7640000000001,374.8123,146,38,38,0.271452833358923,36.33589473684211,9.863481578947368
Office Supplies,Art,2016,4,Winter,396.282,96.7625,100,23,23,0.24417586466203361,17.229652173913042,4.207065217391304
Office Supplies,Art,2017,1,Spring,442.084,115.41749999999999,70,17,17,0.26107594936708856,26.004941176470588,6.789264705882353
Office Supplies,Art,2017,1,Winter,681.662,177.4954,87,22,22,0.2603862324729851,30.984636363636366,8.067972727272727
Office Supplies,Art,2017,2,Spring,1258.292,317.2941,167,33,33,0.25216253461040844,38.1300606060606,9.614972727272727
Office Supplies,Art,2017,2,Summer,1019.1,262.15250000000003,87,18,18,0.25723923069374943,56.61666666666667,14.56402777777778
Office Supplies,Art,2017,3,Fall,970.674,266.9102,134,38,37,0.2749740901682748,26.23443243243243,7.023952631578947
Office Supplies,Art,2017,3,Summer,1599.698,449.5068,152,31,31,0.28099478776619086,51.60316129032258,14.500219354838709
Office Supplies,Art,2017,4,Fall,2029.28,434.65070000000003,257,61,59,0.21418961405030357,34.39457627118644,7.12542131147541
Office Supplies,Art,2017,4,Winter,862.278,198.5359,147,34,33,0.23024581399502247,26.129636363636365,5.839291176470589
Office Supplies,Binders,2014,1,Spring,1525.675,381.3024,87,16,16,0.24992373867304635,95.3546875,23.8314
Office Supplies,Binders,2014,1,Winter,1153.77,252.2894,79,22,21,0.21866524523951913,54.941428571428574,11.4677
Office Supplies,Binders,2014,2,Spring,5358.0560000000005,925.222,171,36,36,0.1726786730112563,148.8348888888889,25.70061111111111
Office Supplies,Binders,2014,2,Summer,4275.793,1236.6153000000002,75,20,19,0.2892130886598112,225.04173684210525,61.83076500000001
Office Supplies,Binders,2014,3,Fall,12743.616,5129.9685,123,35,33,0.40255203075798895,386.17018181818185,146.57052857142858
Office Supplies,Binders,2014,3,Summer,7185.879,-2810.8673000000003,205,43,40,-0.391165409270042,179.646975,-65.36900697674419
Office Supplies,Binders,2014,4,Fall,6822.424,329.4373,225,57,55,0.04828742687349833,124.04407272727272,5.779601754385965
Office Supplies,Binders,2014,4,Winter,4423.052,-704.2516000000002,124,29,29,-0.15922299805654563,152.5190344827586,-24.28453793103449
Office Supplies,Binders,2015,1,Spring,8393.597,3874.7658,53,13,13,0.4616335285098868,645.6613076923077,298.0589076923077
Office Supplies,Binders,2015,1,Winter,2875.849,1360.6593,54,14,13,0.47313308174386065,221.21915384615386,97.18995
Office Supplies,Binders,2015,2,Spring,5412.864,1391.0738999999999,140,36,35,0.2569940608151249,154.65325714285714,38.64094166666666
Office Supplies,Binders,2015,2,Summer,5805.269,1982.4086,103,23,23,0.34148436532398413,252.40300000000002,86.19167826086957
Office Supplies,Binders,2015,3,Fall,2862.997,-820.5640000000001,203,46,44,-0.28661015013288527,65.06811363636363,-17.83834782608696
Office Supplies,Binders,2015,3,Summer,3432.617,1093.2785000000001,189,44,42,0.3184970825466401,81.72897619047619,24.847238636363638
Office Supplies,Binders,2015,4,Fall,3857.699,-1248.9268,318,63,62,-0.32374915720485187,62.22095161290323,-19.824234920634918
Office Supplies,Binders,2015,4,Winter,4812.206,-36.023899999999976,155,34,34,-0.007485943037351264,141.53547058823528,-1.0595264705882346
Office Supplies,Binders,2016,1,Spring,1183.975,296.2886,96,23,23,0.2502490339745349,51.47717391304347,12.88211304347826
Office Supplies,Binders,2016,1,Winter,2358.018,837.5165,83,20,20,0.35517816233803134,117.90090000000001,41.875825
Office Supplies,Binders,2016,2,Spring,3909.2389999999996,-1783.7063,229,57,55,-0.45627967489324656,71.07707272727272,-31.29309298245614
Office Supplies,Binders,2016,2,Summer,778.658,140.6873,106,22,21,0.18067919420336012,37.07895238095238,6.394877272727272
Office Supplies,Binders,2016,3,Fall,9579.859999999999,942.9208,226,52,52,0.09842740916881876,184.2280769230769,18.13309230769231
Office Supplies,Binders,2016,3,Summer,3024.054,-706.9688000000001,241,49,48,-0.23378180416090455,63.001125,-14.427934693877553
Office Supplies,Binders,2016,4,Fall,11624.274,3318.5499,375,85,79,0.2854844870311901,147.14270886075948,39.04176352941177
Office Supplies,Binders,2016,4,Winter,17225.247,7170.346100000001,247,45,43,0.4162695664102814,400.5871395348837,159.34102444444446
Office Supplies,Binders,2017,1,Spring,2785.488,577.7151,170,33,32,0.207401755096414,87.0465,17.506518181818183
Office Supplies,Binders,2017,1,Winter,10063.545,1091.2332000000001,176,32,31,0.10843427440330422,324.63048387096774,34.101037500000004
Office Supplies,Binders,2017,2,Spring,7844.138999999999,2480.9981,285,62,57,0.3162868608014213,137.61647368421052,40.01609838709677
Office Supplies,Binders,2017,2,Summer,2427.041,238.9799,132,31,31,0.09846553890107335,78.29164516129033,7.709029032258064
Office Supplies,Binders,2017,3,Fall,12157.035,2189.1751,250,55,54,0.18007475506980114,225.13027777777776,39.803183636363634
Office Supplies,Binders,2017,3,Summer,15344.812,3290.3499,276,57,56,0.21442751465446433,274.0145,57.72543684210527
Office Supplies,Binders,2017,4,Fall,16629.883,490.9154999999997,467,94,86,0.029520081410073642,193.37073255813957,5.222505319148933
Office Supplies,Binders,2017,4,Winter,5536.102,-2689.625,311,68,66,-0.4858337147689837,83.88033333333333,-39.55330882352941
Office Supplies,Envelopes,2014,1,Spring,353.20000000000005,121.5211,10,3,3,0.3440574745186863,117.73333333333335,40.50703333333333
Office Supplies,Envelopes,2014,1,Winter,194.36,78.472,13,3,3,0.4037456266721547,64.78666666666668,26.15733333333333
Office Supplies,Envelopes,2014,2,Spring,622.546,275.9356,22,5,5,0.4432372868832183,124.5092,55.18712000000001
Office Supplies,Envelopes,2014,2,Summer,95.56,40.0672,13,4,4,0.41928840519045624,23.89,10.0168
Office Supplies,Envelopes,2014,3,Fall,381.372,175.40970000000002,29,6,6,0.45994383436644537,63.562000000000005,29.23495
Office Supplies,Envelopes,2014,3,Summer,340.196,119.9336,25,5,5,0.3525426518830321,68.03920000000001,23.98672
Office Supplies,Envelopes,2014,4,Fall,1403.3319999999999,526.6364,76,19,19,0.3752757009745378,73.85957894736842,27.717705263157892
Office Supplies,Envelopes,2014,4,Winter,465.184,157.5032,18,5,5,0.338582582376006,93.0368,31.500639999999997
Office Supplies,Envelopes,2015,1,Spring,194.19799999999998,95.1628,18,6,6,0.49002976343731663,32.36633333333333,15.860466666666667
Office Supplies,Envelopes,2015,1,Winter,403.15,189.4805,16,3,3,0.47000000000000003,134.38333333333333,63.16016666666667
Office Supplies,Envelopes,2015,2,Spring,620.138,255.022,19,6,6,0.4112342736616688,103.35633333333334,42.50366666666667
Office Supplies,Envelopes,2015,2,Summer,221.65,99.2615,8,3,3,0.4478299120234604,73.88333333333334,33.08716666666667
Office Supplies,Envelopes,2015,3,Fall,670.42,273.2222,33,13,13,0.40753885623937236,51.57076923076923,21.017092307692305
Office Supplies,Envelopes,2015,3,Summer,510.32,240.36419999999998,27,4,4,0.47100681925066623,127.58,60.091049999999996
Office Supplies,Envelopes,2015,4,Fall,973.96,418.0642,76,20,20,0.4292416526346051,48.698,20.90321
Office Supplies,Envelopes,2015,4,Winter,918.352,389.6132,40,11,11,0.4242525741763507,83.48654545454545,35.41938181818182
Office Supplies,Envelopes,2016,1,Spring,592.104,230.1209,21,6,6,0.3886494602299596,98.68400000000001,38.35348333333334
Office Supplies,Envelopes,2016,1,Winter,489.836,220.85039999999998,26,7,7,0.4508660041319951,69.97657142857143,31.55005714285714
Office Supplies,Envelopes,2016,2,Spring,301.788,141.6719,41,11,10,0.46944179357694804,30.178800000000003,12.879263636363635
Office Supplies,Envelopes,2016,2,Summer,115.02,51.759,9,1,1,0.45,115.02,51.759
Office Supplies,Envelopes,2016,3,Fall,729.1179999999999,300.67629999999997,28,12,12,0.4123835922306129,60.759833333333326,25.056358333333332
Office Supplies,Envelopes,2016,3,Summer,857.5840000000001,382.4973,26,8,8,0.44601729976305526,107.19800000000001,47.8121625
Office Supplies,Envelopes,2016,4,Fall,984.508,437.9033,44,10,10,0.44479404941351414,98.4508,43.79033
Office Supplies,Envelopes,2016,4,Winter,659.932,301.2692,27,7,7,0.4565155197808259,94.276,43.03845714285715
Office Supplies,Envelopes,2017,1,Spring,517.016,238.06949999999998,25,7,7,0.46046834140529497,73.85942857142857,34.00992857142857
Office Supplies,Envelopes,2017,1,Winter,331.11600000000004,114.3356,15,6,6,0.345303760615615,55.18600000000001,19.055933333333332
Office Supplies,Envelopes,2017,2,Spring,496.87,218.4723,41,10,10,0.4396971038702276,49.687,21.84723
Office Supplies,Envelopes,2017,2,Summer,81.52799999999999,28.6137,8,2,2,0.3509677656755962,40.763999999999996,14.30685
Office Supplies,Envelopes,2017,3,Fall,395.64,153.4322,46,14,13,0.3878076028712971,30.433846153846154,10.959442857142857
Office Supplies,Envelopes,2017,3,Summer,193.06,92.11580000000001,22,7,7,0.47713560551124007,27.580000000000002,13.159400000000002
Office Supplies,Envelopes,2017,4,Fall,948.484,421.746,63,18,18,0.4446527300407808,52.693555555555555,23.430333333333333
Office Supplies,Envelopes,2017,4,Winter,414.86,174.97390000000001,21,7,7,0.4217661379742564,59.26571428571429,24.99627142857143
Office Supplies,Fasteners,2014,1,Spring,48.239999999999995,4.0854,14,3,3,0.08468905472636816,16.08,1.3618
Office Supplies,Fasteners,2014,1,Winter,49.410000000000004,6.1157,12,3,3,0.12377453956688929,16.470000000000002,2.0385666666666666
Office Supplies,Fasteners,2014,2,Spring,114.26,9.255,36,7,7,0.08099947488184842,16.322857142857142,1.3221428571428573
Office Supplies,Fasteners,2014,2,Summer,45.292,19.1828,12,3,3,0.4235361653272101,15.097333333333333,6.394266666666667
Office Supplies,Fasteners,2014,3,Fall,95.478,35.5715,34,8,8,0.3725622656528206,11.93475,4.4464375
Office Supplies,Fasteners,2014,3,Summer,110.218,39.2948,38,8,8,0.35651889890943406,13.77725,4.91185
Office Supplies,Fasteners,2014,4,Fall,120.588,35.004,37,11,11,0.29027763956612596,10.962545454545454,3.182181818181818
Office Supplies,Fasteners,2014,4,Winter,77.842,30.0491,18,6,6,0.38602682356568435,12.973666666666666,5.008183333333333
Office Supplies,Fasteners,2015,1,Spring,68.428,26.4162,24,4,4,0.3860437247910212,17.107,6.60405
Office Supplies,Fasteners,2015,1,Winter,5.81,1.8011,1,1,1,0.31,5.81,1.8011
Office Supplies,Fasteners,2015,2,Spring,61.879999999999995,13.554,29,6,6,0.21903684550743377,10.313333333333333,2.259
Office Supplies,Fasteners,2015,2,Summer,10.39,4.1231,7,2,2,0.3968334937439846,5.195,2.06155
Office Supplies,Fasteners,2015,3,Fall,62.572,23.709300000000002,18,6,6,0.3789122930384198,10.428666666666667,3.9515500000000006
Office Supplies,Fasteners,2015,3,Summer,73.854,21.630499999999998,25,6,6,0.2928819021312319,12.309,3.605083333333333
Office Supplies,Fasteners,2015,4,Fall,168.238,42.4882,51,11,11,0.2525481757985711,15.294363636363636,3.862563636363636
Office Supplies,Fasteners,2015,4,Winter,94.052,38.2152,21,7,7,0.40631990813592483,13.436000000000002,5.459314285714286
Office Supplies,Fasteners,2016,1,Spring,8.288,-0.5688000000000001,3,2,2,-0.06862934362934364,4.144,-0.28440000000000004
Office Supplies,Fasteners,2016,1,Winter,79.836,29.143299999999996,28,6,6,0.3650395811413397,13.306,4.857216666666666
Office Supplies,Fasteners,2016,2,Spring,119.702,40.3638,29,7,7,0.3372023859250472,17.100285714285715,5.7662571428571425
Office Supplies,Fasteners,2016,2,Summer,31.508,13.912599999999998,13,3,3,0.4415576996318395,10.502666666666666,4.637533333333333
Office Supplies,Fasteners,2016,3,Fall,88.916,27.4966,33,7,7,0.30924243105852717,12.702285714285713,3.9280857142857144
Office Supplies,Fasteners,2016,3,Summer,159.19400000000002,52.706500000000005,53,11,11,0.3310834579192683,14.47218181818182,4.7915
Office Supplies,Fasteners,2016,4,Fall,376.376,94.5257,94,17,16,0.2511469913065658,23.5235,5.560335294117647
Office Supplies,Fasteners,2016,4,Winter,96.31400000000001,36.4937,35,6,6,0.37890337853271583,16.052333333333333,6.082283333333333
Office Supplies,Fasteners,2017,1,Spring,24.68,4.2346,11,3,3,0.17158022690437602,8.226666666666667,1.4115333333333335
Office Supplies,Fasteners,2017,1,Winter,111.916,31.1601,41,10,10,0.27842399656885525,11.1916,3.11601
Office Supplies,Fasteners,2017,2,Spring,71.864,19.067899999999998,26,9,9,0.2653331292441278,7.984888888888889,2.1186555555555553
Office Supplies,Fasteners,2017,2,Summer,28.314,-0.05940000000000001,7,3,3,-0.0020979020979020983,9.438,-0.0198
Office Supplies,Fasteners,2017,3,Fall,158.728,65.386,37,8,8,0.4119374023486719,19.841,8.17325
Office Supplies,Fasteners,2017,3,Summer,81.492,31.5628,24,6,6,0.3873116379521916,13.582,5.260466666666667
Office Supplies,Fasteners,2017,4,Fall,210.56799999999998,91.7688,49,14,14,0.4358155085293112,15.040571428571427,6.554914285714285
Office Supplies,Fasteners,2017,4,Winter,170.032,61.8281,54,11,11,0.36362625858661896,15.457454545454546,5.620736363636364
Office Supplies,Labels,2014,1,Spring,173.59,72.1446,28,7,7,0.41560343337749867,24.798571428571428,10.306371428571428
Office Supplies,Labels,2014,1,Winter,81.622,32.1926,17,6,6,0.3944108206120899,13.603666666666667,5.365433333333333
Office Supplies,Labels,2014,2,Spring,136.432,64.3878,34,9,9,0.4719406004456433,15.159111111111109,7.1541999999999994
Office Supplies,Labels,2014,2,Summer,607.726,279.8697,19,3,3,0.46051954334683726,202.57533333333333,93.2899
Office Supplies,Labels,2014,3,Fall,381.536,168.2149,57,10,9,0.4408886710559423,42.39288888888889,16.82149
Office Supplies,Labels,2014,3,Summer,236.166,108.4191,33,7,7,0.4590800538604202,33.738,15.488442857142857
Office Supplies,Labels,2014,4,Fall,708.584,324.3844,86,19,19,0.45779244239215117,37.293894736842105,17.072863157894737
Office Supplies,Labels,2014,4,Winter,515.738,236.3911,52,10,10,0.45835501747011076,51.573800000000006,23.63911
Office Supplies,Labels,2015,1,Spring,532.338,258.7645,15,5,5,0.48609060408988275,106.46759999999999,51.7529
Office Supplies,Labels,2015,1,Winter,249.376,109.3541,23,8,8,0.4385109232644681,31.172,13.6692625
Office Supplies,Labels,2015,2,Spring,361.78,146.08520000000001,53,11,10,0.40379567693073143,36.178,13.280472727272729
Office Supplies,Labels,2015,2,Summer,61.706,25.5728,18,6,6,0.41442971510063853,10.284333333333334,4.262133333333334
Office Supplies,Labels,2015,3,Fall,217.224,97.87910000000001,28,9,9,0.45059063455235154,24.136,10.875455555555556
Office Supplies,Labels,2015,3,Summer,459.378,214.94480000000001,33,12,12,0.4679039919195086,38.2815,17.912066666666668
Office Supplies,Labels,2015,4,Fall,732.874,311.44120000000004,46,10,10,0.4249587241463062,73.2874,31.144120000000004
Office Supplies,Labels,2015,4,Winter,341.786,158.98690000000002,47,14,13,0.46516504479411097,26.29123076923077,11.356207142857144
Office Supplies,Labels,2016,1,Spring,10.08,3.528,4,1,1,0.35,10.08,3.528
Office Supplies,Labels,2016,1,Winter,122.28999999999999,58.8181,26,5,5,0.48097227900891326,24.458,11.76362
Office Supplies,Labels,2016,2,Spring,215.006,100.1931,34,10,10,0.4660014139140303,21.5006,10.01931
Office Supplies,Labels,2016,2,Summer,357.286,163.0755,58,13,13,0.4564284634718405,27.483538461538462,12.544269230769231
Office Supplies,Labels,2016,3,Fall,336.286,144.3904,70,19,19,0.4293678595005442,17.699263157894737,7.5994947368421055
Office Supplies,Labels,2016,3,Summer,490.056,212.4216,63,16,15,0.4334639306528234,32.6704,13.27635
Office Supplies,Labels,2016,4,Fall,1056.444,409.5521,73,17,17,0.3876704302357721,62.14376470588235,24.0913
Office Supplies,Labels,2016,4,Winter,239.792,100.6331,35,9,9,0.41966829585640886,26.643555555555555,11.181455555555555
Office Supplies,Labels,2017,1,Spring,224.1,103.28190000000001,31,10,10,0.4608741633199465,22.41,10.328190000000001
Office Supplies,Labels,2017,1,Winter,53.26,23.424999999999997,13,5,5,0.4398235073225685,10.652,4.685
Office Supplies,Labels,2017,2,Spring,579.932,246.96280000000002,84,22,22,0.42584785802473396,26.360545454545456,11.22558181818182
Office Supplies,Labels,2017,2,Summer,180.292,78.5668,23,6,6,0.4357752978501542,30.048666666666666,13.094466666666667
Office Supplies,Labels,2017,3,Fall,561.25,228.34830000000002,70,14,14,0.4068566592427617,40.089285714285715,16.310592857142858
Office Supplies,Labels,2017,3,Summer,1382.888,661.4755,90,18,18,0.4783290476162929,76.82711111111111,36.74863888888889
Office Supplies,Labels,2017,4,Fall,600.778,271.8926,95,24,24,0.45256750413630326,25.032416666666666,11.328858333333335
Office Supplies,Labels,2017,4,Winter,278.716,130.6564,42,11,11,0.46877968972000167,25.337818181818182,11.877854545454545
Office Supplies,Paper,2014,1,Spring,1200.322,505.1751,92,20,20,0.4208663175381273,60.016099999999994,25.258755
Office Supplies,Paper,2014,1,Winter,380.50800000000004,158.0605,51,14,14,0.4153933688647807,27.17914285714286,11.290035714285713
Office Supplies,Paper,2014,2,Spring,1104.544,508.1684,113,31,31,0.4600707622331025,35.63045161290323,16.392529032258064
Office Supplies,Paper,2014,2,Summer,1090.19,403.8246,53,11,11,0.3704167163521955,99.10818181818182,36.71132727272727
Office Supplies,Paper,2014,3,Fall,1445.358,586.2578,138,33,32,0.40561424920331157,45.1674375,17.765387878787877
Office Supplies,Paper,2014,3,Summer,2813.716,1226.4402,174,38,38,0.4358791718851512,74.04515789473685,32.27474210526316
Office Supplies,Paper,2014,4,Fall,4734.606,2095.364,268,57,55,0.4425635417181493,86.08374545454545,36.760771929824564
Office Supplies,Paper,2014,4,Winter,2065.712,887.7308,128,32,32,0.42974567606713815,64.5535,27.7415875
Office Supplies,Paper,2015,1,Spring,1590.27,667.8485000000001,101,20,20,0.4199591893200526,79.5135,33.392425
Office Supplies,Paper,2015,1,Winter,726.562,332.4781,73,17,17,0.45760458157734646,42.73894117647059,19.557535294117645
Office Supplies,Paper,2015,2,Spring,1752.564,707.0982,119,29,29,0.4034649804514985,60.433241379310346,24.382696551724138
Office Supplies,Paper,2015,2,Summer,680.1999999999999,249.1106,95,21,21,0.3662314025286681,32.390476190476186,11.862409523809523
Office Supplies,Paper,2015,3,Fall,2176.3379999999997,997.1315,130,27,26,0.45816941118521115,83.70530769230768,36.93079629629629
Office Supplies,Paper,2015,3,Summer,1851.826,796.5893,129,31,31,0.4301642270926102,59.736322580645165,25.696429032258063
Office Supplies,Paper,2015,4,Fall,3542.988,1530.4909,238,50,50,0.4319774438976367,70.85976,30.609818
Office Supplies,Paper,2015,4,Winter,2966.89,1289.4229,202,41,39,0.43460421518829484,76.07410256410256,31.449339024390245
Office Supplies,Paper,2016,1,Spring,943.8399999999999,414.5005,69,19,19,0.4391639472791999,49.675789473684205,21.815815789473685
Office Supplies,Paper,2016,1,Winter,1790.378,804.6527,77,18,18,0.44943174011298176,99.46544444444444,44.702927777777774
Office Supplies,Paper,2016,2,Spring,3962.9300000000003,1705.7339,230,54,53,0.4304224147284963,74.7722641509434,31.587664814814815
Office Supplies,Paper,2016,2,Summer,2747.13,1207.3366,146,34,33,0.43949015882029613,83.24636363636364,35.5099
Office Supplies,Paper,2016,3,Fall,2476.556,1119.6149,200,47,46,0.4520854363882747,53.83817391304348,23.82159361702128
Office Supplies,Paper,2016,3,Summer,2584.284,1099.5056,218,49,47,0.42545850223891796,54.98476595744681,22.438889795918367
Office Supplies,Paper,2016,4,Fall,3829.966,1685.5509,243,56,54,0.44009552565218596,70.9252962962963,30.099123214285715
Office Supplies,Paper,2016,4,Winter,2326.81,1034.6394,189,39,39,0.444660028107151,59.66179487179487,26.529215384615384
Office Supplies,Paper,2017,1,Spring,2551.1,1155.8497,114,23,23,0.4530789463368743,110.91739130434782,50.254334782608694
Office Supplies,Paper,2017,1,Winter,2178.832,925.7955,120,27,27,0.4249044901121335,80.69748148148147,34.28872222222222
Office Supplies,Paper,2017,2,Spring,3357.316,1478.864,196,49,47,0.4404899628155348,71.43225531914894,30.180897959183675
Office Supplies,Paper,2017,2,Summer,2204.674,962.8806000000001,147,38,38,0.43674511515081144,58.017736842105265,25.33896315789474
Office Supplies,Paper,2017,3,Fall,4591.304,2043.4385,304,66,61,0.4450671312550857,75.2672786885246,30.961189393939392
Office Supplies,Paper,2017,3,Summer,3453.538,1439.6344,202,54,52,0.4168578425950431,66.4141923076923,26.659896296296296
Office Supplies,Paper,2017,4,Fall,5467.244,2330.6505,398,93,90,0.4262934853465476,60.74715555555555,25.060758064516133
Office Supplies,Paper,2017,4,Winter,3890.71,1703.7302,221,53,48,0.4378969905235805,81.05645833333334,32.14585283018868
Office Supplies,Storage,2014,1,Spring,4370.0019999999995,433.9893,52,15,15,0.0993110071803171,291.33346666666665,28.93262
Office Supplies,Storage,2014,1,Winter,3171.36,259.2897,36,10,9,0.08175978129256847,352.37333333333333,25.92897
Office Supplies,Storage,2014,2,Spring,4392.914,407.906,84,17,15,0.09285544857012908,292.8609333333333,23.994470588235295
Office Supplies,Storage,2014,2,Summer,3849.514,135.21779999999998,34,8,8,0.03512594057327756,481.18925,16.902224999999998
Office Supplies,Storage,2014,3,Fall,8810.224,552.5549,92,22,22,0.06271746325632582,400.46472727272726,25.116131818181817
Office Supplies,Storage,2014,3,Summer,4775.4619999999995,628.2461,92,21,20,0.13155713520492887,238.77309999999997,29.91648095238095
Office Supplies,Storage,2014,4,Fall,15078.23,1169.8455999999999,183,41,40,0.07758507464072374,376.95574999999997,28.53281951219512
Office Supplies,Storage,2014,4,Winter,5881.336,579.2294,100,29,29,0.09848602426387475,202.8046896551724,19.9734275862069
Office Supplies,Storage,2015,1,Spring,3632.076,718.0199,54,13,13,0.19768856708945517,279.3904615384615,55.2323
Office Supplies,Storage,2015,1,Winter,1445.4219999999998,28.074599999999986,16,5,5,0.01942311657080077,289.08439999999996,5.614919999999997
Office Supplies,Storage,2015,2,Spring,5290.862,562.351,79,24,24,0.10628721747042354,220.45258333333334,23.431291666666667
Office Supplies,Storage,2015,2,Summer,3331.0860000000002,127.40480000000001,32,10,10,0.03824722627995795,333.1086,12.740480000000002
Office Supplies,Storage,2015,3,Fall,9116.038,719.0586,129,27,27,0.0788784118714731,337.63103703703706,26.6318
Office Supplies,Storage,2015,3,Summer,8191.2080000000005,715.1192,120,21,19,0.08730326467109613,431.1162105263158,34.05329523809524
Office Supplies,Storage,2015,4,Fall,10071.62,445.3818,169,38,37,0.044221465861499935,272.205945945946,11.720573684210526
Office Supplies,Storage,2015,4,Winter,3969.9359999999997,190.05020000000002,56,17,17,0.047872358647595335,233.52564705882352,11.179423529411766
Office Supplies,Storage,2016,1,Spring,2975.238,112.7877,37,11,11,0.037908799228834805,270.47618181818183,10.253427272727272
Office Supplies,Storage,2016,1,Winter,5872.866,896.0788,67,14,14,0.15257947312266276,419.4904285714286,64.00562857142857
Office Supplies,Storage,2016,2,Spring,10080.672,594.406,133,30,30,0.05896491821180175,336.0224,19.813533333333332
Office Supplies,Storage,2016,2,Summer,3724.41,559.6018,74,16,16,0.15025246951866203,232.775625,34.9751125
Office Supplies,Storage,2016,3,Fall,6613.862,827.6080000000001,113,26,25,0.12513233569131016,264.55448,31.831076923076925
Office Supplies,Storage,2016,3,Summer,7833.43,377.2975,88,25,24,0.0481650439207346,326.3929166666667,15.0919
Office Supplies,Storage,2016,4,Fall,11097.604,1262.6989,186,41,40,0.11378121799984935,277.4401,30.797534146341466
Office Supplies,Storage,2016,4,Winter,10590.618,1573.8081,110,27,27,0.14860399081526687,392.2451111111111,58.28918888888889
Office Supplies,Storage,2017,1,Spring,3815.452,488.829,68,20,20,0.12811824129880287,190.7726,24.44145
Office Supplies,Storage,2017,1,Winter,4852.818,323.72610000000003,83,18,18,0.06670888955654221,269.601,17.984783333333336
Office Supplies,Storage,2017,2,Spring,10711.192,1130.5361,105,29,29,0.10554717906279713,369.351448275862,38.984003448275864
Office Supplies,Storage,2017,2,Summer,7700.652,887.6515999999999,103,26,24,0.11526966807485911,320.8605,34.14044615384615
Office Supplies,Storage,2017,3,Fall,4947.344,522.4314,114,35,35,0.1055983574216792,141.3526857142857,14.92661142857143
Office Supplies,Storage,2017,3,Summer,9433.518,771.457,160,40,39,0.08177829310337882,241.88507692307692,19.286425
Office Supplies,Storage,2017,4,Fall,18015.564000000002,1884.0505,258,61,58,0.10457904620693528,310.61317241379317,30.886073770491805
Office Supplies,Storage,2017,4,Winter,10201.078,1394.1190000000001,131,40,39,0.13666388983595656,261.56610256410255,34.852975
Office Supplies,Supplies,2014,1,Spring,18.62,5.3998,2,1,1,0.29,18.62,5.3998
Office Supplies,Supplies,2014,1,Winter,238.62,4.7724,2,1,1,0.02,238.62,4.7724
Office Supplies,Supplies,2014,2,Spring,4254.634,101.5574,19,5,5,0.023869832281695678,850.9268,20.31148
Office Supplies,Supplies,2014,2,Summer,27.604,4.9528,5,3,3,0.17942327198956673,9.201333333333332,1.6509333333333334
Office Supplies,Supplies,2014,3,Fall,392.59000000000003,16.7358,9,3,3,0.042629206041926694,130.86333333333334,5.578600000000001
Office Supplies,Supplies,2014,3,Summer,8400.838,375.84219999999993,35,9,9,0.044738655834096544,933.4264444444444,41.76024444444444
Office Supplies,Supplies,2014,4,Fall,974.034,-32.3483,43,12,12,-0.033210647677596475,81.1695,-2.695691666666667
Office Supplies,Supplies,2014,4,Winter,87.13,13.1435,15,5,5,0.15084930563525767,17.426,2.6287
Office Supplies,Supplies,2015,1,Spring,33.36,8.6736,4,1,1,0.26,33.36,8.6736
Office Supplies,Supplies,2015,1,Winter,88.96,10.008,8,1,1,0.1125,88.96,10.008
Office Supplies,Supplies,2015,2,Spring,531.054,41.2494,17,7,7,0.07767458676518772,75.86485714285713,5.892771428571429
Office Supplies,Supplies,2015,3,Fall,913.878,-135.8481,26,7,7,-0.1486501480503962,130.554,-19.406871428571428
Office Supplies,Supplies,2015,3,Summer,143.738,22.1786,15,5,5,0.15429879363842547,28.7476,4.43572
Office Supplies,Supplies,2015,4,Fall,203.484,29.6061,28,7,7,0.14549596037034854,29.069142857142857,4.229442857142858
Office Supplies,Supplies,2015,4,Winter,38.008,-0.746,11,3,3,-0.019627446853294043,12.669333333333334,-0.24866666666666667
Office Supplies,Supplies,2016,1,Spring,8868.012,-581.9058,9,3,3,-0.06561851743096422,2956.0040000000004,-193.9686
Office Supplies,Supplies,2016,1,Winter,25.71,6.6846,3,1,1,0.25999999999999995,25.71,6.6846
Office Supplies,Supplies,2016,2,Spring,1317.22,-101.65150000000001,45,10,10,-0.07717123942849335,131.722,-10.16515
Office Supplies,Supplies,2016,2,Summer,1128.27,44.2482,15,3,3,0.03921774043447047,376.09,14.7494
Office Supplies,Supplies,2016,3,Fall,103.46,28.7603,19,7,7,0.2779847283974483,14.78,4.108614285714286
Office Supplies,Supplies,2016,3,Summer,639.782,32.3147,50,13,12,0.05050892335201678,53.31516666666667,2.485746153846154
Office Supplies,Supplies,2016,4,Fall,484.602,9.683099999999998,45,12,12,0.019981551871432635,40.3835,0.8069249999999998
Office Supplies,Supplies,2016,4,Winter,1710.52,-137.0975,30,9,8,-0.0801496036293057,213.815,-15.233055555555556
Office Supplies,Supplies,2017,1,Spring,1716.7520000000002,-275.80879999999996,12,4,4,-0.16065733431503207,429.18800000000005,-68.95219999999999
Office Supplies,Supplies,2017,1,Winter,4339.43,126.71830000000001,20,5,5,0.02920160021016585,867.8860000000001,25.343660000000003
Office Supplies,Supplies,2017,2,Spring,1266.672,83.76780000000001,33,10,10,0.06613219523286218,126.66720000000001,8.37678
Office Supplies,Supplies,2017,2,Summer,110.714,23.47,14,5,5,0.21198764383908086,22.1428,4.694
Office Supplies,Supplies,2017,3,Fall,5026.248,-1048.0732,26,8,8,-0.20851999344242467,628.281,-131.00915
Office Supplies,Supplies,2017,3,Summer,497.126,77.0216,34,11,11,0.15493375924815844,45.19327272727273,7.001963636363637
Office Supplies,Supplies,2017,4,Fall,526.13,-52.070100000000004,20,8,8,-0.09896812574838919,65.76625,-6.5087625000000005
Office Supplies,Supplies,2017,4,Winter,2566.3379999999997,109.6616,33,8,8,0.04273077045969784,320.79224999999997,13.7077
Technology,Accessories,2014,1,Spring,1108.934,322.2499,31,8,8,0.2905943004723455,138.61675,40.2812375
Technology,Accessories,2014,1,Winter,1948.8799999999999,802.3236,36,8,8,0.41168445466113873,243.60999999999999,100.29045
Technology,Accessories,2014,2,Spring,3241.48,887.8714,66,19,19,0.27390926366968177,170.6042105263158,46.730073684210524
Technology,Accessories,2014,2,Summer,667.0400000000001,150.5841,19,5,5,0.22574973015111535,133.40800000000002,30.11682
Technology,Accessories,2014,3,Fall,2459.558,569.0499,78,16,16,0.23136266760125193,153.722375,35.56561875
Technology,Accessories,2014,3,Summer,5246.426,1116.5624,127,25,25,0.21282343446757848,209.85704,44.662496000000004
Technology,Accessories,2014,4,Fall,4995.824,1079.0596,128,36,35,0.21599231678297717,142.73782857142857,29.97387777777778
Technology,Accessories,2014,4,Winter,5346.13,1475.0140999999999,95,23,23,0.2759031486327493,232.4404347826087,64.13104782608696
Technology,Accessories,2015,1,Spring,1201.274,315.94960000000003,28,10,10,0.26301210215154913,120.1274,31.594960000000004
Technology,Accessories,2015,1,Winter,1948.454,354.5542,40,11,11,0.181966933784426,177.1321818181818,32.2322
Technology,Accessories,2015,2,Spring,2845.086,670.4031,74,18,18,0.23563544300594078,158.06033333333332,37.244616666666666
Technology,Accessories,2015,2,Summer,1755.162,567.7805,29,9,9,0.32349179164088554,195.018,63.08672222222222
Technology,Accessories,2015,3,Fall,5576.43,1365.3953000000001,86,21,21,0.24485115028790821,265.5442857142857,65.01882380952381
Technology,Accessories,2015,3,Summer,6397.454,1734.0665,99,19,19,0.271055719978604,336.7081052631579,91.26665789473684
Technology,Accessories,2015,4,Fall,8881.18,2004.4987,143,39,39,0.2257018436739262,227.72256410256412,51.39740256410256
Technology,Accessories,2015,4,Winter,11918.92,3184.6273,136,29,29,0.2671909283727049,410.99724137931037,109.81473448275862
Technology,Accessories,2016,1,Spring,2504.158,472.97749999999996,45,13,13,0.18887686000643727,192.62753846153845,36.38288461538461
Technology,Accessories,2016,1,Winter,2386.768,562.9858,51,15,15,0.23587789010075552,159.11786666666666,37.53238666666667
Technology,Accessories,2016,2,Spring,5585.21,1197.4667,94,21,19,0.21439958390105296,293.9584210526316,57.02222380952381
Technology,Accessories,2016,2,Summer,1637.348,487.3084,49,13,13,0.29762054248699726,125.94984615384615,37.485261538461536
Technology,Accessories,2016,3,Fall,7137.128,1645.32,75,17,17,0.23052970326439431,419.8310588235294,96.7835294117647
Technology,Accessories,2016,3,Summer,5308.284,939.9665,83,22,21,0.17707539762378954,252.77542857142856,42.72575
Technology,Accessories,2016,4,Fall,11584.488000000001,2889.1536,183,46,45,0.24939847147323213,257.4330666666667,62.80768695652174
Technology,Accessories,2016,4,Winter,5752.47,1469.11,102,24,24,0.2553876856376478,239.68625,61.212916666666665
Technology,Accessories,2017,1,Spring,3952.272,1192.233,79,19,19,0.30165762882716574,208.01431578947367,62.749105263157894
Technology,Accessories,2017,1,Winter,4563.08,1099.7604000000001,67,16,16,0.24101273701096632,285.1925,68.73502500000001
Technology,Accessories,2017,2,Spring,5893.032,1547.9054,132,35,35,0.2626670617094901,168.37234285714285,44.22586857142858
Technology,Accessories,2017,2,Summer,4848.834,1027.9175,86,16,16,0.21199271824937707,303.052125,64.24484375
Technology,Accessories,2017,3,Fall,9727.238,2777.9011,177,42,42,0.28557963730300423,231.60090476190476,66.14050238095238
Technology,Accessories,2017,3,Summer,12550.398,3556.7107,141,33,33,0.28339425570408205,380.3150909090909,107.77911212121212
Technology,Accessories,2017,4,Fall,13422.382,3089.6558999999997,261,60,58,0.2301868550604505,231.42037931034483,51.494265
Technology,Accessories,2017,4,Winter,4988.996,1380.2730000000001,136,30,29,0.27666348098896054,172.0343448275862,46.009100000000004
Technology,Copiers,2014,2,Spring,2999.93,464.98850000000004,10,3,3,0.15499978332827768,999.9766666666666,154.99616666666668
Technology,Copiers,2014,3,Fall,1799.97,701.9883,3,1,1,0.38999999999999996,1799.97,701.9883
Technology,Copiers,2014,3,Summer,2309.958,884.9838,5,3,3,0.38311683589052264,769.986,294.9946
Technology,Copiers,2014,4,Fall,1999.96,624.9875,5,1,1,0.31249999999999994,1999.96,624.9875
Technology,Copiers,2014,4,Winter,1739.9640000000002,235.9952,6,2,2,0.13563223147145573,869.9820000000001,117.9976
Technology,Copiers,2015,1,Spring,4269.914,1858.4617,9,2,2,0.43524569815691844,2134.957,929.23085
Technology,Copiers,2015,2,Spring,5479.86,1926.9511,17,4,4,0.3516423959736198,1369.965,481.737775
Technology,Copiers,2015,2,Summer,899.97,314.9895,3,1,1,0.35000000000000003,899.97,314.9895
Technology,Copiers,2015,3,Fall,2319.952,725.9864,6,3,3,0.3129316468616592,773.3173333333334,241.99546666666666
Technology,Copiers,2015,3,Summer,2799.96,874.9875,5,1,1,0.3125,2799.96,874.9875
Technology,Copiers,2015,4,Fall,2509.94,1000.9770000000001,7,5,5,0.3988051507207344,501.988,200.1954
Technology,Copiers,2015,4,Winter,7899.854,3227.9456,16,4,4,0.4086082603551914,1974.9635,806.9864
Technology,Copiers,2016,1,Winter,959.968,119.996,4,1,1,0.125,959.968,119.996
Technology,Copiers,2016,2,Spring,10439.94,1564.9883,9,3,3,0.14990395538671678,3479.98,521.6627666666667
Technology,Copiers,2016,3,Fall,5879.836,2308.9318,18,4,4,0.39268642866909886,1469.959,577.23295
Technology,Copiers,2016,3,Summer,5739.886,1586.9683,14,3,3,0.27648080467103353,1913.2953333333335,528.9894333333333
Technology,Copiers,2016,4,Fall,24099.836,11171.9292,18,3,3,0.4635686815462147,8033.278666666666,3723.9764
Technology,Copiers,2016,4,Winter,2479.944,989.9789999999999,6,2,2,0.39919409470536427,1239.972,494.98949999999996
Technology,Copiers,2017,1,Spring,21319.822,9185.9377,20,6,6,0.4308637145281982,3553.3036666666667,1530.9896166666667
Technology,Copiers,2017,1,Winter,2999.95,1379.977,5,1,1,0.4600000000000001,2999.95,1379.977
Technology,Copiers,2017,2,Spring,3359.952,1049.985,6,1,1,0.31249999999999994,3359.952,1049.985
Technology,Copiers,2017,3,Fall,319.984,107.9946,2,1,1,0.3375,319.984,107.9946
Technology,Copiers,2017,3,Summer,4659.888,1419.9705,15,5,5,0.3047220233619349,931.9775999999999,283.9941
Technology,Copiers,2017,4,Fall,23559.904,9346.9677,12,4,4,0.39673199432391576,5889.976,2336.741925
Technology,Copiers,2017,4,Winter,6679.888000000001,2540.9577,13,4,4,0.38038926700567427,1669.9720000000002,635.239425
Technology,Machines,2014,1,Spring,25314.658,-1255.4678000000001,16,3,3,-0.04959449975583317,8438.219333333333,-418.4892666666667
Technology,Machines,2014,2,Spring,287.968,97.1892,4,1,1,0.33749999999999997,287.968,97.1892
Technology,Machines,2014,2,Summer,691.761,-239.2066,8,3,3,-0.3457937062077799,230.587,-79.73553333333334
Technology,Machines,2014,3,Fall,22420.282,-2626.1293,45,11,10,-0.11713185855557036,2242.0281999999997,-238.73902727272727
Technology,Machines,2014,4,Fall,5540.792,1864.8142,13,4,4,0.3365609465217247,1385.198,466.20355
Technology,Machines,2014,4,Winter,7767.912,2527.9692,10,2,2,0.3254374148419807,3883.956,1263.9846
Technology,Machines,2015,1,Winter,3107.976,-734.4027,12,2,2,-0.23629612969984323,1553.988,-367.20135
Technology,Machines,2015,2,Spring,4824.756,927.4448,20,4,4,0.19222625973209836,1206.189,231.8612
Technology,Machines,2015,3,Fall,629.93,296.0671,7,1,1,0.47000000000000003,629.93,296.0671
Technology,Machines,2015,3,Summer,4343.346,1748.9084,15,4,4,0.40266384487904033,1085.8365,437.2271
Technology,Machines,2015,4,Fall,8946.277,3677.1105999999995,22,8,8,0.41102132205385544,1118.284625,459.63882499999994
Technology,Machines,2015,4,Winter,5911.411999999999,-2937.6426,18,5,5,-0.4969443171952827,1182.2823999999998,-587.5285200000001
Technology,Machines,2016,1,Spring,8994.54,2168.5752,16,4,4,0.24109906676717208,2248.635,542.1438
Technology,Machines,2016,1,Winter,8749.95,2799.984,5,1,1,0.31999999999999995,8749.95,2799.984
Technology,Machines,2016,2,Spring,16651.593,3698.866,30,6,6,0.22213286140250965,2775.2655,616.4776666666667
Technology,Machines,2016,2,Summer,7621.804000000001,881.6410999999999,13,5,5,0.11567354657768683,1524.3608000000002,176.32822
Technology,Machines,2016,3,Fall,1758.9,170.61,7,2,2,0.09699812382739212,879.45,85.305
Technology,Machines,2016,3,Summer,1550.618,-332.2473,13,4,4,-0.21426766618212867,387.6545,-83.061825
Technology,Machines,2016,4,Fall,10297.951,-6096.911,42,8,8,-0.5920508846857011,1287.243875,-762.113875
Technology,Machines,2016,4,Winter,281.53000000000003,-383.2,3,2,2,-1.3611338045678967,140.76500000000001,-191.6
Technology,Machines,2017,1,Spring,742.706,62.2714,4,2,2,0.0838439436331469,371.353,31.1357
Technology,Machines,2017,1,Winter,4346.639,843.2537,9,4,4,0.19400131918017574,1086.65975,210.813425
Technology,Machines,2017,2,Spring,7693.169000000001,-3001.3712,8,3,3,-0.3901345726319024,2564.389666666667,-1000.4570666666667
Technology,Machines,2017,2,Summer,3868.96,1834.5961,16,3,3,0.47418326888879697,1289.6533333333334,611.5320333333333
Technology,Machines,2017,3,Fall,1576.545,260.8085,13,4,4,0.16543041904925007,394.13625,65.202125
Technology,Machines,2017,3,Summer,4432.314,-4.6556999999999675,12,3,3,-0.001050399407623189,1477.438,-1.5518999999999892
Technology,Machines,2017,4,Fall,19635.372,-2824.3233999999998,52,10,10,-0.1438385481059386,1963.5372,-282.43233999999995
Technology,Machines,2017,4,Winter,1248.97,-39.79499999999997,7,3,3,-0.03186225449770609,416.3233333333333,-13.264999999999992
Technology,Phones,2014,1,Spring,6087.581999999999,1290.1895,37,10,10,0.21193792543574774,608.7582,129.01895
Technology,Phones,2014,1,Winter,2802.92,618.9757,42,6,6,0.22083245329870277,467.15333333333336,103.16261666666666
Technology,Phones,2014,2,Spring,12265.932,1825.5801999999999,118,23,21,0.148833386651744,584.092,79.37305217391304
Technology,Phones,2014,2,Summer,7077.164,1437.3990000000001,50,12,12,0.20310381390059637,589.7636666666666,119.78325000000001
Technology,Phones,2014,3,Fall,3857.762,1125.0527000000002,42,12,12,0.2916335170495225,321.48016666666666,93.75439166666668
Technology,Phones,2014,3,Summer,9657.41,1151.7743,97,23,23,0.11926327037994659,419.88739130434783,50.07714347826087
Technology,Phones,2014,4,Fall,29602.850000000002,3690.6576,215,44,44,0.12467237445043297,672.7920454545455,83.87858181818181
Technology,Phones,2014,4,Winter,6039.186,668.3763,83,19,19,0.1106732430496428,317.8518947368421,35.1777
Technology,Phones,2015,1,Spring,4872.734,694.7810000000001,53,16,15,0.14258545613201953,324.8489333333334,43.423812500000004
Technology,Phones,2015,1,Winter,3017.894,127.9988,31,8,8,0.042413285556086464,377.23675,15.99985
Technology,Phones,2015,2,Spring,9654.25,882.3578,114,29,28,0.09139578941916772,344.79464285714283,30.426131034482758
Technology,Phones,2015,2,Summer,3780.234,670.0605,46,14,14,0.1772537096909874,270.0167142857143,47.86146428571429
Technology,Phones,2015,3,Fall,10490.816,2433.7117,97,19,19,0.23198497619250968,552.1482105263158,128.0900894736842
Technology,Phones,2015,3,Summer,12354.838,1776.523,99,24,24,0.14379168711074966,514.7849166666666,74.02179166666666
Technology,Phones,2015,4,Fall,14241.094,2332.094,165,41,40,0.16375806521605715,356.02734999999996,56.88034146341464
Technology,Phones,2015,4,Winter,9901.842,1481.2806,92,27,26,0.14959646902061252,380.84007692307694,54.86224444444445
Technology,Phones,2016,1,Spring,10069.154,464.27770000000004,69,19,18,0.046108908454473935,559.3974444444444,24.435668421052632
Technology,Phones,2016,1,Winter,5782.294,730.969,65,17,17,0.1264150525725603,340.1349411764706,42.99817647058824
Technology,Phones,2016,2,Spring,11046.45,1692.3127,109,31,31,0.1531996885877363,356.3370967741936,54.59073225806451
Technology,Phones,2016,2,Summer,7113.0,1020.2057,62,14,14,0.14342832841276534,508.07142857142856,72.87183571428571
Technology,Phones,2016,3,Fall,8107.542,787.1516,98,25,25,0.09708880940733948,324.30168000000003,31.486064000000002
Technology,Phones,2016,3,Summer,10342.614,1002.3466000000001,151,37,36,0.09691424237625035,287.2948333333333,27.09044864864865
Technology,Phones,2016,4,Fall,12692.158,2248.2493999999997,141,40,39,0.17713689035387045,325.4399487179487,56.20623499999999
Technology,Phones,2016,4,Winter,13808.818,1514.0802,123,25,25,0.1096458943842985,552.35272,60.563208
Technology,Phones,2017,1,Spring,7413.822,594.6338000000001,102,26,26,0.08020610691759258,285.147,22.870530769230772
Technology,Phones,2017,1,Winter,10850.408,1455.5303000000001,105,30,30,0.1341452137099361,361.6802666666666,48.517676666666674
Technology,Phones,2017,2,Spring,9003.822,1025.4466,103,28,28,0.11389014576254394,321.56507142857146,36.62309285714286
Technology,Phones,2017,2,Summer,8343.306,1076.8444,87,21,21,0.12906687109402434,397.30028571428574,51.27830476190476
Technology,Phones,2017,3,Fall,15318.836,1448.4239,120,33,33,0.09455182495589091,464.2071515151515,43.89163333333333
Technology,Phones,2017,3,Summer,19186.488,1743.5453,174,41,41,0.09087360334001719,467.96312195121953,42.52549512195122
Technology,Phones,2017,4,Fall,26156.778,3824.0576,287,70,69,0.14619757831029495,379.08373913043476,54.629394285714284
Technology,Phones,2017,4,Winter,9067.056,1680.8431,112,30,30,0.1853791462190153,302.2352,56.028103333333334
