Region,State,Order Year,Order Quarter,Sales,Profit,Quantity,Order_Count,Customer_Count,Profit_Margin,Profit_per_Customer
Central,Illinois,2014,1,1683.134,-93.25199999999998,51,7,6,-0.05540378840900367,-15.541999999999996
Central,Illinois,2014,2,2540.036,-684.9318999999999,77,14,14,-0.2696544064729791,-48.92370714285714
Central,Illinois,2014,3,3401.8360000000002,-1088.887,88,13,13,-0.3200880348141415,-83.76053846153846
Central,Illinois,2014,4,8577.701000000001,-176.66579999999996,181,27,27,-0.02059593823566477,-6.543177777777776
Central,Illinois,2015,1,1937.97,-841.1898,50,8,8,-0.4340571835477329,-105.148725
Central,Illinois,2015,2,4221.671,-947.7006999999999,84,11,11,-0.22448473602040514,-86.15460909090908
Central,Illinois,2015,3,7714.671,734.2992999999999,103,9,9,0.09518219247457213,81.5888111111111
Central,Illinois,2015,4,4703.7519999999995,45.09479999999999,142,20,20,0.00958698502812223,2.2547399999999995
Central,Illinois,2016,1,4959.934,-833.7036,70,7,7,-0.16808763987585318,-119.1005142857143
Central,Illinois,2016,2,7931.473,-374.04940000000005,169,24,23,-0.04716014288896905,-16.26301739130435
Central,Illinois,2016,3,6003.12,-1348.5791000000002,104,18,18,-0.2246463672223777,-74.92106111111111
Central,Illinois,2016,4,2139.192,-252.76180000000002,94,18,18,-0.11815760343157604,-14.042322222222223
Central,Illinois,2017,1,5683.635,492.7498999999999,97,13,13,0.08669626040377328,37.903838461538456
Central,Illinois,2017,2,5027.07,-742.2096,154,26,25,-0.14764258305533842,-29.688384
Central,Illinois,2017,3,6109.369000000001,-2409.3194000000003,189,31,31,-0.39436468807171415,-77.7199806451613
Central,Illinois,2017,4,7531.537,-4086.7809,192,30,30,-0.5426224288614662,-136.22603
Central,Indiana,2014,1,104.85000000000001,35.8524,12,3,3,0.3419399141630901,11.950800000000001
Central,Indiana,2014,2,680.24,47.944,13,2,2,0.07048100670351641,23.972
Central,Indiana,2014,4,2151.7200000000003,784.3512,47,6,6,0.3645228933132563,130.7252
Central,Indiana,2015,1,196.64999999999998,76.6655,16,2,2,0.3898576150521231,38.33275
Central,Indiana,2015,2,372.43,121.1895,27,4,4,0.3254020889831646,30.297375
Central,Indiana,2015,3,3181.03,715.0468,50,4,4,0.22478467666133295,178.7617
Central,Indiana,2015,4,2890.21,1077.2273,50,7,7,0.37271592721636143,153.8896142857143
Central,Indiana,2016,1,285.73,112.29880000000001,7,3,3,0.39302418366989816,37.43293333333334
Central,Indiana,2016,2,793.39,276.4888,22,3,3,0.3484904019460795,92.16293333333334
Central,Indiana,2016,3,238.11,60.8843,21,4,4,0.25569820671118393,15.221075
Central,Indiana,2016,4,24144.55,9935.462,84,10,10,0.4114991581951206,993.5462
Central,Indiana,2017,1,726.19,269.69530000000003,36,4,4,0.3713839353337281,67.42382500000001
Central,Indiana,2017,2,7906.08,2362.0986000000003,51,5,5,0.2987698834314857,472.41972000000004
Central,Indiana,2017,3,4138.37,996.7889,69,7,7,0.24086509906074133,142.3984142857143
Central,Indiana,2017,4,5745.81,1510.9429,73,9,9,0.2629642992023753,167.88254444444445
Central,Iowa,2014,1,1190.84,109.5012,7,1,1,0.09195290719156227,109.5012
Central,Iowa,2015,3,1449.24,413.81699999999995,19,2,2,0.28554069719301145,206.90849999999998
Central,Iowa,2015,4,263.96,76.5484,4,1,1,0.29000000000000004,76.5484
Central,Iowa,2016,3,294.87,88.34190000000001,5,3,3,0.29959609319361075,29.447300000000002
Central,Iowa,2016,4,664.4399999999999,219.7396,26,3,3,0.3307139847089278,73.24653333333333
Central,Iowa,2017,1,476.42,165.8148,31,2,2,0.348043323118257,82.9074
Central,Iowa,2017,2,106.32,49.9704,3,1,1,0.47000000000000003,49.9704
Central,Iowa,2017,3,30.32,11.8248,4,1,1,0.39,11.8248
Central,Iowa,2017,4,103.35000000000001,48.2538,13,3,3,0.4668969521044992,16.0846
Central,Kansas,2014,3,787.8499999999999,180.42579999999998,12,1,1,0.2290103446087453,180.42579999999998
Central,Kansas,2014,4,531.94,85.7726,4,2,2,0.16124487724179418,42.8863
Central,Kansas,2015,1,21.11,7.8221,5,1,1,0.3705400284225486,7.8221
Central,Kansas,2015,2,149.2,68.2124,5,1,1,0.45718766756032175,68.2124
Central,Kansas,2016,2,18.9,8.694,3,1,1,0.4600000000000001,8.694
Central,Kansas,2016,3,332.69,89.91499999999999,8,2,2,0.27026661456611256,44.957499999999996
Central,Kansas,2016,4,339.46999999999997,132.2372,18,2,2,0.38954016555218435,66.1186
Central,Kansas,2017,1,279.9,137.151,5,1,1,0.4900000000000001,137.151
Central,Kansas,2017,3,373.94,99.9364,4,1,1,0.2672525004011339,99.9364
Central,Kansas,2017,4,79.31,26.277,10,2,2,0.3313201361745051,13.1385
Central,Michigan,2014,1,971.4960000000001,205.94719999999998,32,3,3,0.21198975600517136,68.64906666666666
Central,Michigan,2014,2,1889.5900000000001,512.2429,54,9,9,0.27108679660667123,56.91587777777777
Central,Michigan,2014,3,1232.765,497.42760000000004,25,3,3,0.40350561542548663,165.8092
Central,Michigan,2014,4,2078.4,601.491,50,7,7,0.2894009815242494,85.92728571428572
Central,Michigan,2015,1,79.36,20.6336,4,1,1,0.26,20.6336
Central,Michigan,2015,2,7209.428,2926.6742,50,7,7,0.4059509575516948,418.0963142857143
Central,Michigan,2015,3,1247.01,282.7068,42,7,7,0.22670772487790794,40.38668571428571
Central,Michigan,2015,4,8307.881,1935.7837,156,16,16,0.23300570867589462,120.98648125
Central,Michigan,2016,1,221.044,52.0866,8,1,1,0.23563905828703785,52.0866
Central,Michigan,2016,2,5412.6900000000005,1381.7226,32,4,4,0.25527466010431044,345.43065
Central,Michigan,2016,3,5149.27,1255.0744,113,10,10,0.24373831630502962,125.50744
Central,Michigan,2016,4,16637.031,6303.6352,122,15,15,0.3788918347270015,420.24234666666666
Central,Michigan,2017,1,11551.215,4199.7424,46,7,7,0.36357581431909974,599.9632
Central,Michigan,2017,2,4518.194,1391.8863000000001,55,8,8,0.3080625356060408,173.98578750000001
Central,Michigan,2017,3,4339.15,1454.2836,40,6,6,0.33515402786259985,242.3806
Central,Michigan,2017,4,5425.09,1441.8495,117,13,12,0.26577430051851675,120.15412500000001
Central,Minnesota,2014,1,379.22,114.6568,33,2,2,0.3023490322240388,57.3284
Central,Minnesota,2014,2,4409.38,1164.3899,30,2,2,0.26407111657421223,582.19495
Central,Minnesota,2014,3,9900.19,4668.693499999999,17,1,1,0.47157615156880817,4668.693499999999
Central,Minnesota,2014,4,1194.54,289.6205,23,4,4,0.24245358045774942,72.405125
Central,Minnesota,2015,1,171.5,74.3798,15,2,2,0.43370145772594754,37.1899
Central,Minnesota,2015,2,3113.75,909.3299999999999,16,2,2,0.29203693295865113,454.66499999999996
Central,Minnesota,2015,3,273.82,93.4254,19,3,3,0.34119275436418084,31.1418
Central,Minnesota,2015,4,2165.12,644.3432,12,1,1,0.2976016109961573,644.3432
Central,Minnesota,2016,1,63.44,27.977600000000002,4,1,1,0.4410088272383355,27.977600000000002
Central,Minnesota,2016,2,692.94,173.235,3,1,1,0.25,173.235
Central,Minnesota,2016,3,613.29,183.20819999999998,9,2,2,0.29873012767206375,91.60409999999999
Central,Minnesota,2016,4,157.71,20.0486,12,3,3,0.12712320081161627,6.6828666666666665
Central,Minnesota,2017,1,466.35,170.8633,19,2,2,0.36638426074836494,85.43165
Central,Minnesota,2017,2,530.01,152.8297,19,3,3,0.2883524839153978,50.94323333333333
Central,Minnesota,2017,3,2568.07,943.9583,52,7,7,0.36757498822072604,134.85118571428572
Central,Minnesota,2017,4,3163.82,1192.2276000000002,48,8,8,0.3768316781612102,149.02845000000002
Central,Missouri,2014,1,535.27,106.7911,14,1,1,0.1995088460029518,106.7911
Central,Missouri,2014,3,897.8399999999999,253.69199999999998,11,2,2,0.28255813953488373,126.84599999999999
Central,Missouri,2014,4,214.92000000000002,83.7751,25,3,3,0.38979666852782424,27.92503333333333
Central,Missouri,2015,2,10.56,4.752,2,1,1,0.44999999999999996,4.752
Central,Missouri,2015,3,293.93,62.9114,10,2,2,0.21403531453067057,31.4557
Central,Missouri,2015,4,6680.72,2825.0006,33,4,4,0.42285870385227936,706.25015
Central,Missouri,2016,1,697.16,146.4036,4,1,1,0.21000000000000002,146.4036
Central,Missouri,2016,2,141.1,23.916400000000003,3,2,2,0.1694996456413891,11.958200000000001
Central,Missouri,2016,3,886.03,166.7936,23,2,2,0.18824825344514295,83.3968
Central,Missouri,2016,4,2496.8199999999997,1028.7442,14,2,2,0.41202177169359433,514.3721
Central,Missouri,2017,1,4619.33,206.6524,19,1,1,0.044736444462725115,206.6524
Central,Missouri,2017,2,996.36,262.0538,32,3,3,0.26301116062467383,87.35126666666667
Central,Missouri,2017,3,2635.6800000000003,967.1463,42,3,3,0.3669437488617738,322.3821
Central,Missouri,2017,4,1099.43,297.57800000000003,20,3,3,0.2706657085944535,99.19266666666668
Central,Nebraska,2014,3,104.69,31.5942,8,2,2,0.3017881364027128,15.7971
Central,Nebraska,2014,4,105.33,26.5737,5,2,2,0.25228994588436343,13.28685
Central,Nebraska,2015,1,178.37,62.0658,5,1,1,0.3479609799854236,62.0658
Central,Nebraska,2015,2,287.41,80.91239999999999,5,2,2,0.28152256358512223,40.456199999999995
Central,Nebraska,2015,4,128.36,60.4876,9,1,1,0.4712340292926145,60.4876
Central,Nebraska,2016,2,29.05,9.0055,5,1,1,0.31,9.0055
Central,Nebraska,2016,3,2374.73,696.2947,46,1,1,0.2932100491424288,696.2947
Central,Nebraska,2016,4,677.6400000000001,149.13,22,3,3,0.2200726049229679,49.71
Central,Nebraska,2017,2,97.52,36.2817,13,3,3,0.37204368334700577,12.0939
Central,Nebraska,2017,3,95.91999999999999,30.3688,6,2,2,0.31660550458715603,15.1844
Central,Nebraska,2017,4,3385.91,854.3798,12,5,5,0.2523338777463075,170.87596000000002
Central,North Dakota,2017,2,891.53,216.5907,24,1,1,0.24294269402039192,216.5907
Central,North Dakota,2017,4,28.38,13.559000000000001,6,1,1,0.4777660324171953,13.559000000000001
Central,Oklahoma,2014,2,475.41999999999996,157.41660000000002,8,1,1,0.3311105969458585,157.41660000000002
Central,Oklahoma,2014,3,1683.97,470.2637,28,2,2,0.279258953544303,235.13185
Central,Oklahoma,2014,4,479.96,134.3888,4,1,1,0.28,134.3888
Central,Oklahoma,2015,3,836.8800000000001,220.7262,9,2,2,0.2637489245770003,110.3631
Central,Oklahoma,2015,4,1971.46,439.31379999999996,12,1,1,0.22283678086291375,439.31379999999996
Central,Oklahoma,2016,1,2962.11,601.0878,21,3,3,0.20292554969261775,200.36260000000001
Central,Oklahoma,2016,2,64.59,24.2049,4,1,1,0.37474686483975844,24.2049
Central,Oklahoma,2016,3,424.06,143.0254,33,4,4,0.3372763288213932,35.75635
Central,Oklahoma,2016,4,4559.03,908.7772,64,8,8,0.19933564815322558,113.59715
Central,Oklahoma,2017,1,2151.4100000000003,678.9118000000001,13,3,3,0.31556597766116173,226.30393333333336
Central,Oklahoma,2017,2,477.3,138.417,5,1,1,0.29,138.417
Central,Oklahoma,2017,3,1227.7,385.75610000000006,14,2,2,0.31421039341858764,192.87805000000003
Central,Oklahoma,2017,4,2369.5,551.6667,32,5,5,0.2328198776113104,110.33333999999999
Central,South Dakota,2014,1,152.64000000000001,44.7684,4,1,1,0.2932940251572327,44.7684
Central,South Dakota,2014,3,9.51,3.9882,6,1,1,0.4193690851735016,3.9882
Central,South Dakota,2017,3,1127.91,339.44169999999997,29,2,2,0.30094750467679154,169.72084999999998
Central,South Dakota,2017,4,25.5,6.63,3,1,1,0.26,6.63
Central,Texas,2014,1,3114.332,-591.3308999999999,95,14,14,-0.18987407251378463,-42.237921428571426
Central,Texas,2014,2,7264.4486,-294.55179999999996,160,19,18,-0.04054702789142179,-16.363988888888887
Central,Texas,2014,3,26152.7958,-7021.3078,250,26,26,-0.2684725508390961,-270.0503
Central,Texas,2014,4,14093.600199999999,-1227.8235000000002,294,40,39,-0.08711922309247855,-31.482653846153852
Central,Texas,2015,1,5624.7856,-529.8081,107,17,17,-0.09419169683552027,-31.165182352941173
Central,Texas,2015,2,8284.546,-1720.4932999999999,217,23,23,-0.207675025282013,-74.80405652173913
Central,Texas,2015,3,7701.5972,43.144300000000044,165,21,21,0.005601993830578422,2.054490476190478
Central,Texas,2015,4,12844.0302,-309.0254,278,41,41,-0.024059846885131117,-7.53720487804878
Central,Texas,2016,1,8786.469,-1007.6881000000001,128,16,16,-0.11468635466647639,-62.980506250000005
Central,Texas,2016,2,7897.892,-2199.6713,201,23,23,-0.2785137223957988,-95.63788260869565
Central,Texas,2016,3,14887.5642,-1510.0920999999998,315,46,45,-0.10143312093995872,-33.55760222222222
Central,Texas,2016,4,10114.2268,-522.2034,356,37,36,-0.05163058040185533,-14.50565
Central,Texas,2017,1,12560.4272,-2896.2759,236,30,30,-0.2305873720600841,-96.54253
Central,Texas,2017,2,7388.355,-768.6464,217,35,35,-0.10403484943536145,-21.961325714285714
Central,Texas,2017,3,8661.548,-540.3576999999999,278,34,34,-0.06238581140461265,-15.892873529411762
Central,Texas,2017,4,14811.428,-4633.2249,427,65,65,-0.3128141932027081,-71.28038307692307
Central,Wisconsin,2014,1,468.9,206.316,6,1,1,0.44,206.316
Central,Wisconsin,2014,2,148.03,66.97370000000001,17,3,3,0.45243329054921305,22.32456666666667
Central,Wisconsin,2014,4,4230.780000000001,833.446,35,4,4,0.19699582582880695,208.3615
Central,Wisconsin,2015,1,3558.62,908.974,40,3,3,0.25542878981178097,302.99133333333333
Central,Wisconsin,2015,2,330.15,92.44200000000001,10,1,1,0.28,92.44200000000001
Central,Wisconsin,2015,3,1787.3600000000001,334.1076,9,2,2,0.18692798317070985,167.0538
Central,Wisconsin,2015,4,2685.68,706.9818,35,3,3,0.26324126478210363,235.66060000000002
Central,Wisconsin,2016,1,2235.81,627.0243,27,4,4,0.28044614703396087,156.756075
Central,Wisconsin,2016,2,2777.44,898.966,42,4,4,0.32366711792153924,224.7415
Central,Wisconsin,2016,3,2176.4900000000002,613.4626,70,8,8,0.28185868071987463,76.682825
Central,Wisconsin,2016,4,6147.88,1590.0257000000001,47,4,4,0.2586299179554578,397.50642500000004
Central,Wisconsin,2017,1,2015.18,496.0881,15,3,3,0.24617557736777856,165.3627
Central,Wisconsin,2017,3,1160.97,409.8012,49,6,6,0.35298173079407735,68.3002
Central,Wisconsin,2017,4,2391.32,617.1914,61,7,7,0.2580965324590603,88.17020000000001
East,Connecticut,2014,2,48.86,16.0916,7,2,2,0.3293409742120344,8.0458
East,Connecticut,2014,3,1856.79,471.6216,27,4,4,0.25399835199457127,117.9054
East,Connecticut,2014,4,888.3699999999999,257.62,20,2,2,0.289991782703153,128.81
East,Connecticut,2015,2,486.13,177.60660000000001,15,3,3,0.36534795219385763,59.202200000000005
East,Connecticut,2015,3,771.61,236.3575,19,3,3,0.3063173105584427,78.78583333333333
East,Connecticut,2015,4,26.9,13.181,5,1,1,0.49,13.181
East,Connecticut,2016,1,392.887,77.864,7,3,3,0.19818421072725748,25.954666666666668
East,Connecticut,2016,2,1457.68,232.1438,36,4,4,0.1592556665386093,58.03595
East,Connecticut,2016,3,48.16,22.1536,7,1,1,0.4600000000000001,22.1536
East,Connecticut,2016,4,2099.76,527.0905,34,4,4,0.25102416466643807,131.772625
East,Connecticut,2017,1,1438.76,312.5403,21,5,5,0.21722893324807474,62.50806
East,Connecticut,2017,2,1108.0500000000002,326.1149,28,5,5,0.294314245747033,65.22297999999999
East,Connecticut,2017,3,1183.7,397.60179999999997,29,3,3,0.3358974402297879,132.53393333333332
East,Connecticut,2017,4,1576.7,443.5046,26,5,5,0.28128661127671717,88.70092
East,Delaware,2014,1,9.94,3.0814,2,1,1,0.31,3.0814
East,Delaware,2014,2,85.95,36.2007,5,2,2,0.4211832460732984,18.10035
East,Delaware,2014,3,284.95,103.9867,25,5,5,0.3649296367783822,20.79734
East,Delaware,2014,4,4405.1900000000005,1195.3245,42,3,3,0.27134459580631026,398.44149999999996
East,Delaware,2015,1,2946.54,777.4231,36,4,4,0.2638427104332539,194.355775
East,Delaware,2015,2,29.9,5.083,5,1,1,0.17,5.083
East,Delaware,2015,3,1136.896,260.1058,13,1,1,0.22878592237108758,260.1058
East,Delaware,2015,4,2077.0,566.2589,66,7,7,0.2726330765527203,80.89412857142858
East,Delaware,2016,1,1256.77,507.2641,19,2,2,0.40362524566945424,253.63205
East,Delaware,2016,2,1162.19,328.49420000000003,46,5,5,0.282651029521851,65.69884
East,Delaware,2016,4,300.76,140.9475,25,4,4,0.46863778427982444,35.236875
East,Delaware,2017,1,627.48,177.7068,18,1,1,0.28320711417096955,177.7068
East,Delaware,2017,2,299.52,149.76,9,1,1,0.5,149.76
East,Delaware,2017,3,2071.1330000000003,607.2197,40,4,4,0.29318237892013693,151.804925
East,Delaware,2017,4,10756.85,5118.5184,16,3,3,0.47583803808735825,1706.1728
East,District of Columbia,2015,2,2670.19,974.3135,14,1,1,0.3648854575891603,974.3135
East,District of Columbia,2016,2,83.15,36.983000000000004,10,1,1,0.44477450390859896,36.983000000000004
East,District of Columbia,2016,4,33.92,13.2288,8,1,1,0.38999999999999996,13.2288
East,District of Columbia,2017,1,77.75999999999999,35.064,8,1,1,0.45092592592592595,35.064
East,Maine,2014,3,617.12,256.9266,24,1,1,0.41633166969147006,256.9266
East,Maine,2015,2,106.08000000000001,32.2658,6,1,1,0.3041647812971342,32.2658
East,Maine,2016,3,547.33,165.29379999999998,5,1,1,0.302000255787185,165.29379999999998
East,Maryland,2014,2,651.07,202.3518,20,3,3,0.3107988388345339,67.4506
East,Maryland,2014,3,587.14,113.5934,8,1,1,0.1934690193139626,113.5934
East,Maryland,2014,4,463.04,169.0512,20,1,1,0.36508984105044917,169.0512
East,Maryland,2015,1,2631.8,1296.1396,8,2,2,0.49249167869898924,648.0698
East,Maryland,2015,3,4014.9700000000003,1064.965,85,4,4,0.2652485572744005,266.24125
East,Maryland,2015,4,1196.34,352.7273,37,4,4,0.2948386746242707,88.181825
East,Maryland,2016,1,3143.491,730.9422,33,4,4,0.23252562199160104,182.73555
East,Maryland,2016,2,25.06,11.7782,2,1,1,0.47000000000000003,11.7782
East,Maryland,2016,3,553.28,116.0286,31,2,2,0.20971045401966454,58.0143
East,Maryland,2016,4,987.732,192.9945,20,5,5,0.1953915637035147,38.5989
East,Maryland,2017,1,282.23,107.44760000000001,16,4,4,0.38070935052970983,26.861900000000002
East,Maryland,2017,2,1543.0,369.85380000000004,36,3,3,0.23969786130913806,123.28460000000001
East,Maryland,2017,3,2892.2400000000002,827.1618,49,5,5,0.2859934860177578,165.43236
East,Maryland,2017,4,4734.13,1476.1437999999998,55,7,7,0.3118088856875497,210.8776857142857
East,Massachusetts,2014,2,2576.286,388.6278,37,4,4,0.150848081307743,97.15695
East,Massachusetts,2014,3,2350.63,556.06,19,2,2,0.23655785895696044,278.03
East,Massachusetts,2014,4,4973.1900000000005,1116.2806,49,4,4,0.22445967276536788,279.07015
East,Massachusetts,2015,1,32.55,13.74,7,2,2,0.42211981566820284,6.87
East,Massachusetts,2015,2,281.15999999999997,89.1994,22,1,1,0.31725494380423963,89.1994
East,Massachusetts,2015,3,4432.14,1356.1294,67,9,9,0.3059762101377664,150.68104444444444
East,Massachusetts,2015,4,1880.1380000000001,496.5997,71,8,8,0.2641293883746831,62.0749625
East,Massachusetts,2016,1,475.53,134.5054,15,2,2,0.2828536580236789,67.2527
East,Massachusetts,2016,2,819.8199999999999,255.68619999999999,9,2,2,0.3118809006855163,127.84309999999999
East,Massachusetts,2016,3,945.115,254.3361,38,3,3,0.26910598181173717,84.7787
East,Massachusetts,2016,4,1724.799,413.7501,20,3,3,0.23988308202868855,137.9167
East,Massachusetts,2017,1,173.23000000000002,74.6798,14,3,3,0.43110200311724295,24.893266666666666
East,Massachusetts,2017,2,87.6,42.048,5,1,1,0.48000000000000004,42.048
East,Massachusetts,2017,3,4214.264,618.557,55,10,10,0.1467769935628143,61.8557
East,Massachusetts,2017,4,3667.982,975.3021,63,8,8,0.26589609763624794,121.9127625
East,New Hampshire,2014,2,211.66000000000003,81.3994,20,1,1,0.3845762071246338,81.3994
East,New Hampshire,2014,4,292.82,27.1956,9,1,1,0.09287480363363158,27.1956
East,New Hampshire,2015,1,724.34,339.557,13,2,2,0.46878123533147414,169.7785
East,New Hampshire,2015,3,68.62,32.2514,2,1,1,0.4699999999999999,32.2514
East,New Hampshire,2015,4,3552.074,528.9775,28,3,3,0.14892074320523727,176.32583333333332
East,New Hampshire,2016,1,884.53,202.261,9,2,2,0.2286649407029722,101.1305
East,New Hampshire,2016,3,27.93,8.0997,3,1,1,0.29000000000000004,8.0997
East,New Hampshire,2016,4,21.12,6.5472,4,1,1,0.31,6.5472
East,New Hampshire,2017,2,247.44,101.4504,8,1,1,0.41000000000000003,101.4504
East,New Hampshire,2017,3,1261.99,378.7636,31,4,4,0.300132013724356,94.6909
East,New Jersey,2014,1,115.36,49.6048,7,1,1,0.43,49.6048
East,New Jersey,2014,2,1661.3700000000001,463.0703,18,2,2,0.2787279775125348,231.53515
East,New Jersey,2014,3,2068.75,670.0989,47,5,5,0.3239148761329305,134.01978
East,New Jersey,2014,4,346.8,61.425000000000004,7,3,3,0.17711937716262977,20.475
East,New Jersey,2015,1,286.79,74.5654,7,1,1,0.25999999999999995,74.5654
East,New Jersey,2015,2,345.26,154.42139999999998,8,1,1,0.4472611944621444,154.42139999999998
East,New Jersey,2015,3,594.01,246.1822,34,3,3,0.4144411710240568,82.06073333333333
East,New Jersey,2015,4,2879.0299999999997,840.4506,21,2,2,0.2919214457647194,420.2253
East,New Jersey,2016,1,842.066,145.4067,27,6,6,0.17267850738540683,24.23445
East,New Jersey,2016,2,11211.076,2931.9238,52,4,4,0.2615202858316187,732.98095
East,New Jersey,2016,3,868.49,373.5793,15,2,2,0.43014807309237874,186.78965
East,New Jersey,2016,4,5061.76,1496.1147,71,9,9,0.2955720342331521,166.23496666666668
East,New Jersey,2017,1,187.14999999999998,48.1242,10,2,2,0.25714239914507087,24.0621
East,New Jersey,2017,2,3260.7699999999995,809.6845999999999,40,7,7,0.24831085909156428,115.66922857142856
East,New Jersey,2017,3,1727.5800000000002,547.7278,30,5,5,0.31704916704291547,109.54556
East,New Jersey,2017,4,4308.05,860.5341,60,8,8,0.19975025823748563,107.5667625
East,New York,2014,1,5005.106,-530.633,101,12,12,-0.10601833407724033,-44.21941666666667
East,New York,2014,2,7402.61,1098.3171,125,20,19,0.1483688996178375,57.80616315789474
East,New York,2014,3,19024.773,4795.9486,241,39,39,0.2520896622524747,122.97304102564102
East,New York,2014,4,33355.998,8385.312100000001,279,36,36,0.2513884339482213,232.92533611111114
East,New York,2015,1,5622.155,815.8103,90,14,14,0.14510633378126359,58.27216428571428
East,New York,2015,2,12439.130000000001,3722.1706,164,25,25,0.29923078221708427,148.886824
East,New York,2015,3,28144.668,5046.257,334,40,40,0.17929708746253462,126.15642499999998
East,New York,2015,4,34114.734000000004,9693.3447,378,47,44,0.2841395363070982,220.30328863636362
East,New York,2016,1,10987.218,3098.6839,165,22,22,0.28202625086714395,140.8492681818182
East,New York,2016,2,18149.112,3823.0293,347,37,36,0.21064552910357268,106.19525833333334
East,New York,2016,3,18232.314,4735.3165,262,41,40,0.25972109190309034,118.3829125
East,New York,2016,4,24475.458,4997.9198,419,55,52,0.20420127786781353,96.1138423076923
East,New York,2017,1,5339.6720000000005,1282.4683,156,24,24,0.24017735546303218,53.43617916666667
East,New York,2017,2,15170.904,3568.1884,225,34,34,0.2351994581206235,104.94671764705882
East,New York,2017,3,23791.755,5736.5782,355,38,36,0.2411162270290695,159.34939444444444
East,New York,2017,4,49620.664000000004,13769.836800000001,583,78,77,0.27750206647778836,178.82904935064937
East,Ohio,2014,1,785.3720000000001,-327.2528,46,6,6,-0.416685086812364,-54.54213333333333
East,Ohio,2014,2,1996.3380000000002,-297.3188,46,8,8,-0.14893209466533222,-37.16485
East,Ohio,2014,3,1682.632,31.23499999999999,107,13,13,0.018563179590070786,2.402692307692307
East,Ohio,2014,4,9670.508,-1537.7275,158,23,22,-0.1590120705137724,-69.89670454545454
East,Ohio,2015,1,3510.992,-1565.6770999999999,57,5,5,-0.44593582098734486,-313.13541999999995
East,Ohio,2015,2,2267.2200000000003,-738.5449,67,8,8,-0.3257491112463722,-92.3181125
East,Ohio,2015,3,1204.3519999999999,12.521099999999997,31,3,3,0.01039654519608885,4.173699999999999
East,Ohio,2015,4,9127.862,-3209.1893,147,19,19,-0.3515817066471864,-168.9047
East,Ohio,2016,1,1318.6970000000001,-377.21459999999996,64,10,10,-0.2860510033768181,-37.72145999999999
East,Ohio,2016,2,4878.381,103.32859999999998,88,12,12,0.021180920473411153,8.610716666666665
East,Ohio,2016,3,4987.2,32.12270000000001,114,17,17,0.006441029034327882,1.8895705882352947
East,Ohio,2016,4,13563.732,-7361.132,231,26,26,-0.542706977696109,-283.12046153846154
East,Ohio,2017,1,3068.811,-150.5524,81,9,9,-0.04905887003142259,-16.728044444444446
East,Ohio,2017,2,4580.797,-204.90550000000002,141,23,23,-0.04473140809339511,-8.908934782608696
East,Ohio,2017,3,7918.272,-445.4686,184,25,25,-0.056258309893875834,-17.818744
East,Ohio,2017,4,7696.97,-935.6005,197,29,28,-0.1215543908836854,-33.41430357142857
East,Pennsylvania,2014,1,663.56,19.421300000000002,32,6,6,0.02926834046657424,3.2368833333333336
East,Pennsylvania,2014,2,6430.021,-474.7274,137,11,11,-0.07382983663661441,-43.157036363636365
East,Pennsylvania,2014,3,4970.598,-1175.7146,115,14,14,-0.23653383355483587,-83.97961428571429
East,Pennsylvania,2014,4,8181.969,-730.797,145,22,22,-0.08931798690510805,-33.218045454545454
East,Pennsylvania,2015,1,790.801,-77.1917,44,7,7,-0.09761204146175839,-11.027385714285714
East,Pennsylvania,2015,2,4026.688,-71.83169999999997,144,17,17,-0.017838903833622067,-4.225394117647057
East,Pennsylvania,2015,3,9961.947,-2587.4277,198,21,21,-0.25973112484938937,-123.21084285714286
East,Pennsylvania,2015,4,5731.38,-1163.894,111,20,20,-0.20307395426581382,-58.1947
East,Pennsylvania,2016,1,3801.266,-1155.2531999999999,66,9,9,-0.30391274906833665,-128.36146666666664
East,Pennsylvania,2016,2,12958.578000000001,553.0547999999999,118,18,18,0.04267866427936768,30.72526666666666
East,Pennsylvania,2016,3,9214.227,-3199.6421,211,27,26,-0.3472501925554905,-123.0631576923077
East,Pennsylvania,2016,4,7092.573,-383.15360000000004,119,17,17,-0.05402180562681555,-22.538447058823532
East,Pennsylvania,2017,1,6219.4890000000005,-45.344199999999994,70,12,12,-0.007290663268316736,-3.778683333333333
East,Pennsylvania,2017,2,4434.369000000001,-364.5088,124,19,19,-0.08220082722028771,-19.184673684210527
East,Pennsylvania,2017,3,20035.453,-3038.9099,227,31,30,-0.15167662542993163,-101.29699666666667
East,Pennsylvania,2017,4,11998.995,-1664.0405,292,37,35,-0.13868165625537804,-47.54401428571429
East,Rhode Island,2014,4,5015.686,1563.9346,41,3,3,0.3118087137033698,521.3115333333334
East,Rhode Island,2015,1,599.9,-27.1642,9,1,1,-0.04528121353558927,-27.1642
East,Rhode Island,2015,2,51.45,13.8915,3,1,1,0.27,13.8915
East,Rhode Island,2015,3,448.21,107.5103,8,1,1,0.23986591106847238,107.5103
East,Rhode Island,2016,2,126.86,55.9034,7,2,2,0.4406700299542803,27.9517
East,Rhode Island,2016,3,2627.6,781.1618,23,3,3,0.2972909879738164,260.3872666666667
East,Rhode Island,2016,4,10331.14,4322.9784,33,3,3,0.41844156598400567,1440.9928
East,Rhode Island,2017,2,242.57000000000002,84.62270000000001,14,3,3,0.34885888609473553,28.20756666666667
East,Rhode Island,2017,3,400.0,164.458,21,3,3,0.411145,54.81933333333333
East,Rhode Island,2017,4,2784.54,218.3328,40,5,5,0.07840892930250598,43.66656
East,Vermont,2015,4,5120.099999999999,1191.927,8,2,2,0.23279369543563602,595.9635
East,Vermont,2016,1,1672.31,452.4404,21,1,1,0.2705481639169771,452.4404
East,Vermont,2016,2,1294.75,336.635,5,1,1,0.26,336.635
East,Vermont,2017,1,637.1800000000001,196.316,9,1,1,0.3081013214476286,196.316
East,Vermont,2017,4,205.03,67.6599,7,1,1,0.32999999999999996,67.6599
East,West Virginia,2017,2,536.48,262.8752,15,1,1,0.49,262.8752
East,West Virginia,2017,4,673.344,-76.9536,3,1,1,-0.11428571428571427,-76.9536
South,Alabama,2014,2,1405.81,365.4978,13,3,3,0.2599908949289022,121.8326
South,Alabama,2014,4,4733.28,885.2346,47,4,4,0.1870235016732583,221.30865
South,Alabama,2015,1,518.49,249.7311,11,2,2,0.48165075507724353,124.86555
South,Alabama,2015,2,976.29,346.28430000000003,17,1,1,0.3546940970408383,346.28430000000003
South,Alabama,2015,3,2397.19,603.77,31,3,3,0.251865726121,201.25666666666666
South,Alabama,2016,2,1232.58,352.43960000000004,15,3,3,0.28593649093770795,117.47986666666668
South,Alabama,2016,3,1789.02,383.00440000000003,31,4,4,0.2140861477233346,95.75110000000001
South,Alabama,2016,4,4629.73,2104.4864000000002,34,3,3,0.4545592075563803,701.4954666666667
South,Alabama,2017,1,56.370000000000005,23.1341,16,2,2,0.41039737448997693,11.56705
South,Alabama,2017,2,560.5600000000001,37.5008,17,5,5,0.06689881547024402,7.500159999999999
South,Alabama,2017,4,1211.3200000000002,435.7422,24,4,4,0.35972509328666247,108.93555
South,Arkansas,2014,1,1859.4,437.2475,27,1,1,0.23515515757771324,437.2475
South,Arkansas,2014,2,904.13,238.4038,13,1,1,0.2636830986694391,238.4038
South,Arkansas,2014,3,2917.59,1203.3924000000002,31,3,3,0.4124611065982541,401.1308000000001
South,Arkansas,2014,4,621.57,152.6421,11,2,2,0.2455750760171823,76.32105
South,Arkansas,2015,1,29.99,2.999,1,1,1,0.1,2.999
South,Arkansas,2015,4,413.62,100.00739999999999,6,3,3,0.24178569701658525,33.3358
South,Arkansas,2016,2,1035.23,407.4349,44,3,3,0.3935694483351526,135.81163333333333
South,Arkansas,2016,3,239.5,114.96,5,1,1,0.48,114.96
South,Arkansas,2016,4,949.46,392.1973,24,3,3,0.4130740631516862,130.73243333333332
South,Arkansas,2017,1,40.41,18.5886,9,1,1,0.46,18.5886
South,Arkansas,2017,2,166.52,76.5214,15,2,2,0.4595327888541917,38.2607
South,Arkansas,2017,3,939.82,403.8844,16,2,2,0.4297465472111681,201.9422
South,Arkansas,2017,4,1560.89,460.4083,38,4,4,0.2949652441876109,115.102075
South,Florida,2014,1,26107.87,-1556.5105,99,10,10,-0.059618440723046354,-155.65105
South,Florida,2014,2,1996.9009999999998,-65.1291,32,5,5,-0.03261508707742647,-13.02582
South,Florida,2014,3,3202.3885,-149.5892,115,15,15,-0.04671175905109577,-9.972613333333333
South,Florida,2014,4,2941.1009999999997,358.46889999999996,62,11,11,0.12188255350632297,32.58808181818181
South,Florida,2015,1,2000.1680000000001,254.0293,49,8,8,0.12700398166554008,31.7536625
South,Florida,2015,2,5317.5635,-56.18849999999998,106,11,11,-0.010566587498202886,-5.1080454545454534
South,Florida,2015,3,1183.6680000000001,185.9546,36,7,7,0.15710030177380818,26.564942857142857
South,Florida,2015,4,6676.049,-2142.5907,123,16,16,-0.32093693440536464,-133.91191875
South,Florida,2016,1,2203.382,134.3432,30,4,4,0.060971361298222455,33.5858
South,Florida,2016,2,1941.362,-48.643299999999996,87,9,9,-0.02505627492451176,-5.404811111111111
South,Florida,2016,3,3882.3495,-396.2581,67,13,12,-0.10206657077112713,-33.02150833333334
South,Florida,2016,4,5576.19,-161.31490000000002,159,21,20,-0.02892923304263306,-8.065745000000001
South,Florida,2017,1,674.248,-72.381,22,5,5,-0.1073507077514505,-14.4762
South,Florida,2017,2,10592.4395,-554.151,147,20,20,-0.05231571065381114,-27.707549999999998
South,Florida,2017,3,6984.063999999999,564.1987,90,20,20,0.08078372420413102,28.209935
South,Florida,2017,4,8193.964,306.45989999999995,155,25,25,0.03740068909260524,12.258395999999998
South,Georgia,2014,1,162.73,71.2178,8,2,2,0.43764395010139495,35.6089
South,Georgia,2014,2,2085.43,596.5457,34,3,3,0.2860540512028695,198.84856666666667
South,Georgia,2014,3,1154.45,318.5475,51,5,5,0.27593009658278833,63.709500000000006
South,Georgia,2014,4,1137.49,505.4011,28,5,5,0.4443125653851902,101.08022
South,Georgia,2015,1,6555.83,3258.9156,27,4,4,0.49710190776759006,814.7289
South,Georgia,2015,2,1449.44,592.8000999999999,29,5,5,0.40898560823490443,118.56001999999998
South,Georgia,2015,3,2372.66,711.7108,67,6,6,0.29996324800013485,118.61846666666666
South,Georgia,2015,4,960.12,200.4882,27,4,4,0.20881577302837145,50.12205
South,Georgia,2016,1,5804.84,1790.2331,79,6,6,0.30840352188863085,298.37218333333334
South,Georgia,2016,2,3158.18,619.5315,45,8,8,0.19616725455800496,77.4414375
South,Georgia,2016,3,1566.51,530.6667,36,7,7,0.3387573012620411,75.80952857142857
South,Georgia,2016,4,3528.14,606.0033,39,4,4,0.17176282687194952,151.500825
South,Georgia,2017,1,8081.089999999999,2833.3862000000004,42,6,6,0.3506193100188218,472.2310333333334
South,Georgia,2017,2,7884.599999999999,2582.4599,74,9,9,0.3275321385992948,286.9399888888889
South,Georgia,2017,3,2834.14,914.3231000000001,98,13,13,0.3226104215035249,70.33254615384615
South,Georgia,2017,4,360.19,117.8127,21,4,4,0.3270848718731781,29.453175
South,Kentucky,2014,1,5157.51,1567.4651999999999,35,2,2,0.30391898416096136,783.7325999999999
South,Kentucky,2014,2,2144.4,385.2508,48,5,5,0.17965435553068457,77.05016
South,Kentucky,2014,3,25.5,6.63,3,1,1,0.26,6.63
South,Kentucky,2014,4,953.05,350.05150000000003,21,3,3,0.3672960495252086,116.68383333333334
South,Kentucky,2015,1,364.07,131.0797,13,1,1,0.36003982750569946,131.0797
South,Kentucky,2015,2,987.5799999999999,273.8225,18,3,3,0.27726614552745094,91.27416666666666
South,Kentucky,2015,3,4723.04,1947.7427,68,5,5,0.41239174345336904,389.54854
South,Kentucky,2015,4,1598.87,569.2701999999999,61,5,5,0.35604533201573607,113.85403999999998
South,Kentucky,2016,1,1190.28,262.8628,9,2,2,0.22084114662096313,131.4314
South,Kentucky,2016,2,79.14,36.4044,3,1,1,0.46,36.4044
South,Kentucky,2016,3,445.83,124.8376,19,3,3,0.28001166363860663,41.61253333333333
South,Kentucky,2016,4,3387.6400000000003,792.5578,39,6,6,0.23395573319479046,132.09296666666668
South,Kentucky,2017,1,805.73,233.4164,17,2,2,0.2896955555831358,116.7082
South,Kentucky,2017,2,1573.1,436.4653,18,3,3,0.2774555336596529,145.48843333333335
South,Kentucky,2017,3,2020.67,882.7247,23,5,5,0.4368475307694972,176.54494
South,Kentucky,2017,4,11135.34,3199.115,128,14,14,0.2872938769718751,228.50821428571427
South,Louisiana,2014,1,1287.26,326.5672,20,1,1,0.25369171729099016,326.5672
South,Louisiana,2014,2,434.83000000000004,89.5762,17,2,2,0.2060028056941793,44.7881
South,Louisiana,2014,4,812.8299999999999,190.6592,15,2,2,0.23456220857989987,95.3296
South,Louisiana,2015,2,314.32,110.52279999999999,28,2,2,0.35162509544413334,55.261399999999995
South,Louisiana,2015,3,603.48,177.6048,7,2,2,0.29430105388745276,88.8024
South,Louisiana,2016,1,12.96,6.2208,2,1,1,0.4799999999999999,6.2208
South,Louisiana,2016,3,249.8,82.0472,17,3,3,0.3284515612489992,27.34906666666667
South,Louisiana,2017,1,29.16,8.4564,3,1,1,0.29000000000000004,8.4564
South,Louisiana,2017,2,253.86,38.7854,6,1,1,0.15278263609863704,38.7854
South,Louisiana,2017,3,1298.55,468.13199999999995,21,3,3,0.3605036386739055,156.04399999999998
South,Louisiana,2017,4,3919.98,697.5303,20,3,3,0.1779423109301578,232.5101
South,Mississippi,2014,1,103.5,42.81229999999999,14,1,1,0.41364541062801924,42.81229999999999
South,Mississippi,2014,2,1437.6299999999999,323.3265,19,3,3,0.2249024436051001,107.77550000000001
South,Mississippi,2014,3,514.03,179.39239999999998,8,1,1,0.34899208217419214,179.39239999999998
South,Mississippi,2015,3,239.7,105.468,6,1,1,0.44000000000000006,105.468
South,Mississippi,2015,4,62.459999999999994,17.7352,4,1,1,0.2839449247518412,17.7352
South,Mississippi,2016,1,747.43,290.5072,34,4,4,0.3886747922882411,72.6268
South,Mississippi,2016,2,798.02,318.6696,21,2,2,0.39932533019222577,159.3348
South,Mississippi,2016,3,3637.31,784.879,41,3,3,0.21578556680623867,261.6263333333333
South,Mississippi,2016,4,234.01999999999998,81.624,15,3,3,0.34879070164943166,27.208
South,Mississippi,2017,1,839.25,336.78499999999997,15,1,1,0.40129282097110514,336.78499999999997
South,Mississippi,2017,2,48.69,23.8581,9,1,1,0.49000000000000005,23.8581
South,Mississippi,2017,3,866.4,225.264,4,1,1,0.26,225.264
South,Mississippi,2017,4,1242.8999999999999,442.6549,31,4,4,0.35614683401721786,110.663725
South,North Carolina,2014,1,566.7570000000001,-16.2817,16,4,4,-0.028727832210277065,-4.070425
South,North Carolina,2014,2,675.256,158.4064,26,4,4,0.23458717878848911,39.6016
South,North Carolina,2014,3,4565.839,-1389.6246999999998,49,7,7,-0.30435254068310336,-198.51781428571425
South,North Carolina,2014,4,2812.889,-167.59909999999996,77,9,9,-0.05958255018239254,-18.622122222222217
South,North Carolina,2015,1,5577.671,-1616.3631,38,4,4,-0.2897917607546232,-404.090775
South,North Carolina,2015,2,579.9359999999999,147.3762,28,4,4,0.2541249379241848,36.84405
South,North Carolina,2015,3,740.8779999999999,140.5303,52,8,8,0.18968075715569907,17.5662875
South,North Carolina,2015,4,1659.813,80.3358,72,12,12,0.04840051258786381,6.69465
South,North Carolina,2016,1,3398.404,234.127,53,6,6,0.06889322164168828,39.021166666666666
South,North Carolina,2016,2,2732.822,76.91579999999999,53,7,7,0.028145192039583985,10.987971428571427
South,North Carolina,2016,3,4200.289,322.4386,96,10,10,0.07676581301905655,32.24386
South,North Carolina,2016,4,4635.781,-372.6403,88,13,13,-0.08038349956566111,-28.664638461538463
South,North Carolina,2017,1,1644.45,-74.36160000000001,45,5,5,-0.04521973912250297,-14.872320000000002
South,North Carolina,2017,2,2317.941,162.6729,77,12,12,0.07017991398400564,13.556075
South,North Carolina,2017,3,2374.64,347.8248,53,12,12,0.1464747498568204,28.9854
South,North Carolina,2017,4,17119.798,-5524.6695,160,19,18,-0.32270646534497666,-306.92608333333334
South,South Carolina,2014,1,900.84,105.0954,11,2,2,0.11666378047155987,52.5477
South,South Carolina,2014,2,752.9200000000001,224.0423,8,1,1,0.2975645486904319,224.0423
South,South Carolina,2014,3,62.91,22.6476,3,1,1,0.36000000000000004,22.6476
South,South Carolina,2014,4,554.19,114.6322,22,2,2,0.20684638842274308,57.3161
South,South Carolina,2015,1,59.480000000000004,14.7604,8,1,1,0.24815736381977135,14.7604
South,South Carolina,2015,2,186.69,87.7443,3,1,1,0.47,87.7443
South,South Carolina,2015,3,3901.45,761.3931,40,2,2,0.19515644183572775,380.69655
South,South Carolina,2016,2,191.88,19.188,6,1,1,0.09999999999999999,19.188
South,South Carolina,2016,3,310.6,124.91579999999999,36,3,3,0.4021757887958789,41.6386
South,South Carolina,2017,2,429.90999999999997,54.9671,5,2,2,0.12785722593100882,27.48355
South,South Carolina,2017,3,685.26,27.2532,12,1,1,0.03977059802118904,27.2532
South,South Carolina,2017,4,445.58,212.4172,18,3,3,0.47672067866600837,70.80573333333334
South,Tennessee,2014,1,377.722,-33.6438,12,2,2,-0.08907026861024775,-16.8219
South,Tennessee,2014,2,831.8559999999999,79.596,10,2,2,0.09568483006674233,39.798
South,Tennessee,2014,3,73.58399999999999,11.6298,9,2,2,0.15804794520547946,5.8149
South,Tennessee,2014,4,1768.35,-7.5521999999999885,46,7,7,-0.004270760878785302,-1.0788857142857127
South,Tennessee,2015,1,640.224,25.5744,18,2,2,0.039946018893387315,12.7872
South,Tennessee,2015,2,2296.5950000000003,-129.67239999999998,27,4,4,-0.05646289398000081,-32.418099999999995
South,Tennessee,2015,3,2462.589,-1040.7964,39,5,5,-0.4226431613233065,-208.15928
South,Tennessee,2015,4,2966.636,-779.2384000000001,83,8,8,-0.26266734442648176,-97.40480000000001
South,Tennessee,2016,1,1241.4879999999998,-41.0984,15,5,5,-0.033104145992550876,-8.21968
South,Tennessee,2016,2,797.754,-67.633,39,7,7,-0.08477926779433258,-9.661857142857142
South,Tennessee,2016,3,563.7320000000001,-11.194100000000002,47,6,6,-0.01985713069330817,-1.8656833333333338
South,Tennessee,2016,4,527.52,-43.3785,32,7,7,-0.08223100545950865,-6.196928571428572
South,Tennessee,2017,1,179.694,21.6008,21,2,2,0.12020879940343028,10.8004
South,Tennessee,2017,2,4017.9640000000004,280.4191,86,9,8,0.06979134208270656,35.0523875
South,Tennessee,2017,3,3607.338,-1068.2601,75,9,9,-0.2961352942252708,-118.69556666666666
South,Tennessee,2017,4,8308.827,-2538.0463999999997,122,14,14,-0.3054638639124391,-181.28902857142856
South,Virginia,2014,1,7738.61,1729.7589,83,6,6,0.22352320377949014,288.29315
South,Virginia,2014,2,9854.94,2050.2232000000004,71,9,9,0.20804015042202187,227.80257777777783
South,Virginia,2014,3,3544.7700000000004,1198.9397,52,6,6,0.33822778346691035,199.8232833333333
South,Virginia,2014,4,4663.7300000000005,975.7483,70,10,10,0.2092205809512986,97.57482999999999
South,Virginia,2015,1,698.52,239.6253,31,4,4,0.3430471568459028,59.906325
South,Virginia,2015,2,4145.79,916.0472,54,5,5,0.22095841805783697,183.20944
South,Virginia,2015,3,2834.8500000000004,870.7672,48,7,7,0.307165176287987,124.39531428571429
South,Virginia,2015,4,2864.2599999999998,959.353,68,12,12,0.33493921641191793,79.94608333333333
South,Virginia,2016,1,9334.92,2978.9262,42,5,5,0.3191164144952501,595.7852399999999
South,Virginia,2016,2,6414.86,1668.0432,86,11,11,0.26002799749332023,151.6402909090909
South,Virginia,2016,3,4750.94,1531.7481,57,7,7,0.3224094810711144,218.82115714285715
South,Virginia,2016,4,6190.33,1672.7555,69,9,9,0.27022073136650226,185.86172222222223
South,Virginia,2017,1,1291.78,246.1261,26,3,3,0.19053252101751073,82.04203333333334
South,Virginia,2017,2,1479.83,432.4507,40,7,6,0.29222998587675614,72.07511666666666
South,Virginia,2017,3,2263.27,477.6069,47,4,4,0.21102515387028503,119.401725
South,Virginia,2017,4,2565.32,649.8309,49,10,10,0.2533137776183868,64.98309
West,Arizona,2014,1,767.298,-300.1272,30,2,2,-0.3911481588639616,-150.0636
West,Arizona,2014,2,83.666,-9.1776,18,4,4,-0.10969330432911817,-2.2944
West,Arizona,2014,3,2312.9320000000002,97.36529999999999,57,8,8,0.04209604951637142,12.170662499999999
West,Arizona,2014,4,5131.339,-691.2586,96,11,11,-0.13471310314910007,-62.84169090909091
West,Arizona,2015,2,1742.982,102.4136,70,8,8,0.05875769227679919,12.8017
West,Arizona,2015,3,5427.179,-116.9523,105,11,11,-0.021549372150798784,-10.632027272727273
West,Arizona,2015,4,2441.049,250.9222,72,7,7,0.10279277474561142,35.84602857142857
West,Arizona,2016,1,489.87,36.384699999999995,13,4,4,0.07427419519464347,9.096174999999999
West,Arizona,2016,2,2923.955,-663.9158,49,5,5,-0.22706088157991489,-132.78316
West,Arizona,2016,3,969.157,-180.7141,37,8,8,-0.18646524763273647,-22.5892625
West,Arizona,2016,4,1859.037,-676.8623,57,8,8,-0.3640929685638317,-84.6077875
West,Arizona,2017,1,983.912,-133.7448,26,2,2,-0.13593166868581744,-66.8724
West,Arizona,2017,2,2323.975,-227.5831,79,9,9,-0.09792837702643101,-25.287011111111113
West,Arizona,2017,3,2129.005,-402.6682,44,7,7,-0.18913445482748983,-57.52402857142857
West,Arizona,2017,4,5696.6449999999995,-512.0064,109,14,14,-0.08987858643113622,-36.57188571428571
West,California,2014,1,10002.983,1610.3104,129,24,24,0.16098301876550225,67.09626666666666
West,California,2014,2,18504.525,2412.2898999999998,304,38,37,0.13036216276829585,65.19702432432432
West,California,2014,3,26474.422,3542.7353,437,55,54,0.13381728598267414,65.60620925925926
West,California,2014,4,36321.601,5072.6135,667,80,78,0.13965831241855226,65.03350641025642
West,California,2015,1,12941.472,2272.7948,198,25,25,0.1756210421812913,90.911792
West,California,2015,2,19543.6655,3162.7504,249,39,39,0.16182994945344312,81.0961641025641
West,California,2015,3,21204.778,3066.3013,387,55,52,0.14460426324670791,58.96733269230769
West,California,2015,4,34753.929,5869.4165,664,86,84,0.16888497700504598,69.87400595238095
West,California,2016,1,21819.7,2215.2741,213,32,32,0.10152633170941855,69.227315625
West,California,2016,2,27762.569,3467.9895,456,69,67,0.1249160155171519,51.76103731343284
West,California,2016,3,34332.3485,6338.9285,507,70,68,0.184634281572669,93.21953676470588
West,California,2016,4,47637.294,7983.524,823,104,96,0.16758978795059182,83.16170833333334
West,California,2017,1,23359.509,4855.645,490,61,59,0.20786588450981572,82.29906779661017
West,California,2017,2,28028.5275,4956.557,481,71,70,0.17683972160150047,70.80795714285713
West,California,2017,3,46325.033,9993.2399,701,89,85,0.21572008162411885,117.56752823529412
West,California,2017,4,48675.275,9561.017,961,123,112,0.19642450915788354,85.36622321428571
West,Colorado,2014,1,719.576,-6.553799999999999,7,1,1,-0.009107863519628223,-6.553799999999999
West,Colorado,2014,2,233.00400000000002,31.659000000000002,15,2,2,0.1358732038934954,15.829500000000001
West,Colorado,2014,3,870.27,4.751699999999999,42,4,4,0.005460029645971938,1.1879249999999997
West,Colorado,2014,4,4679.444,408.332,50,5,5,0.0872607942311095,81.6664
West,Colorado,2015,1,34.946000000000005,8.788,8,2,2,0.2514737022835231,4.394
West,Colorado,2015,2,1269.344,121.5532,33,5,5,0.09576064486853052,24.31064
West,Colorado,2015,3,42.768,8.2889,10,2,2,0.19381079311634866,4.14445
West,Colorado,2015,4,3292.212,-1279.696,116,11,11,-0.38870400812584366,-116.336
West,Colorado,2016,1,232.27800000000002,-84.8032,3,2,2,-0.3650935516923686,-42.4016
West,Colorado,2016,2,3038.3230000000003,203.9323,38,5,5,0.06712001982672677,40.78646
West,Colorado,2016,3,4754.922,86.5764,80,9,9,0.01820774347087082,9.6196
West,Colorado,2016,4,2641.2180000000003,-1594.8381,51,7,7,-0.603826757200655,-227.8340142857143
West,Colorado,2017,1,1679.6160000000002,-296.7847,21,3,3,-0.17669794762612404,-98.92823333333332
West,Colorado,2017,2,3342.724,-3535.0071,59,5,5,-1.0575228765521771,-707.0014199999999
West,Colorado,2017,3,1102.484,-243.58929999999998,36,7,7,-0.22094588220781436,-34.798471428571425
West,Colorado,2017,4,4174.989,-360.4672,124,9,9,-0.08633967658357902,-40.05191111111111
West,Idaho,2014,2,9.584,3.3544,1,1,1,0.35000000000000003,3.3544
West,Idaho,2014,4,455.63199999999995,58.6966,11,1,1,0.12882457772939565,58.6966
West,Idaho,2015,2,495.736,101.1671,7,1,1,0.20407454774315362,101.1671
West,Idaho,2015,3,3.304,1.1151,1,1,1,0.3375,1.1151
West,Idaho,2015,4,1001.1959999999999,183.03480000000002,5,1,1,0.18281615188234873,183.03480000000002
West,Idaho,2016,1,34.68,14.1816,6,1,1,0.4089273356401384,14.1816
West,Idaho,2016,3,1148.806,266.1649,7,1,1,0.23168829201797342,266.1649
West,Idaho,2017,2,814.526,66.0072,12,1,1,0.08103756049530647,66.0072
West,Idaho,2017,3,89.97,37.7874,3,1,1,0.42,37.7874
West,Idaho,2017,4,329.052,95.214,11,2,2,0.28935852084169067,47.607
West,Montana,2014,2,410.104,124.94579999999999,15,1,1,0.30466857187445134,124.94579999999999
West,Montana,2014,3,14.384,4.9033999999999995,4,2,2,0.3408926585094549,2.4516999999999998
West,Montana,2015,1,43.66,20.8106,5,1,1,0.4766513971598718,20.8106
West,Montana,2015,4,891.924,216.7432,14,2,2,0.24300635480153018,108.3716
West,Montana,2017,1,4189.38,1455.5515,13,1,1,0.3474384037733507,1455.5515
West,Montana,2017,3,39.9,10.374,5,1,1,0.26,10.374
West,Nevada,2014,1,54.64,24.7712,8,2,2,0.4533528550512445,12.3856
West,Nevada,2014,2,134.6,55.312,12,1,1,0.4109361069836553,55.312
West,Nevada,2014,3,1891.316,110.6962,17,1,1,0.05852866469696233,110.6962
West,Nevada,2014,4,480.654,59.493,8,2,2,0.12377510641750615,29.7465
West,Nevada,2015,3,45.584,16.5242,11,1,1,0.3625,16.5242
West,Nevada,2015,4,1902.878,451.5238,38,6,6,0.23728468141415268,75.25396666666667
West,Nevada,2016,1,58.58,19.3314,2,1,1,0.32999999999999996,19.3314
West,Nevada,2016,2,4088.0080000000003,502.052,18,2,2,0.12281091426435564,251.026
West,Nevada,2016,3,86.2,24.998,5,1,1,0.29,24.998
West,Nevada,2016,4,4848.4839999999995,1746.8694,21,2,2,0.3602918768010785,873.4347
West,Nevada,2017,2,1468.558,188.3227,24,3,3,0.12823647414674802,62.774233333333335
West,Nevada,2017,4,1669.6,116.872,4,1,1,0.07,116.872
West,New Mexico,2014,1,302.376,22.6782,3,1,1,0.07500000000000001,22.6782
West,New Mexico,2014,3,92.52,18.504,9,1,1,0.2,18.504
West,New Mexico,2014,4,313.116,114.8693,11,2,2,0.3668586083112968,57.43465
West,New Mexico,2015,1,49.12,23.0864,4,1,1,0.47000000000000003,23.0864
West,New Mexico,2015,2,12.88,0.3864,1,1,1,0.03,0.3864
West,New Mexico,2015,3,8.4,2.184,5,1,1,0.26,2.184
West,New Mexico,2015,4,1122.472,123.0654,9,2,2,0.10963783506403724,61.5327
West,New Mexico,2016,4,64.08,24.952,11,3,3,0.3893882646691636,8.317333333333334
West,New Mexico,2017,1,780.086,322.93909999999994,34,1,1,0.4139788433582963,322.93909999999994
West,New Mexico,2017,2,228.28,105.90480000000001,9,1,1,0.46392500438058526,105.90480000000001
West,New Mexico,2017,3,684.45,138.4947,22,3,3,0.20234451019066402,46.164899999999996
West,New Mexico,2017,4,1125.742,260.0518,33,5,5,0.23100479505961405,52.010360000000006
West,Oregon,2014,1,120.536,25.2757,11,2,2,0.20969419924337956,12.63785
West,Oregon,2014,2,344.91999999999996,38.5212,17,1,1,0.11168154934477562,38.5212
West,Oregon,2014,3,1827.0610000000001,215.92900000000003,43,2,2,0.11818379353508175,107.96450000000002
West,Oregon,2014,4,2515.266,-415.1308,79,6,6,-0.16504449231214513,-69.18846666666667
West,Oregon,2015,1,29.304,2.5641,3,1,1,0.0875,2.5641
West,Oregon,2015,2,40.455999999999996,3.231,3,2,2,0.07986454419616373,1.6155
West,Oregon,2015,3,1418.862,-66.24239999999999,40,5,5,-0.04668699281536893,-13.248479999999997
West,Oregon,2015,4,2797.315,-51.6464,59,7,7,-0.018462847409033305,-7.378057142857143
West,Oregon,2016,1,535.877,3.052100000000003,15,2,2,0.005695523413022024,1.5260500000000015
West,Oregon,2016,3,1286.422,133.0582,29,4,4,0.10343277711357549,33.26455
West,Oregon,2016,4,3628.538,-701.9565,91,9,9,-0.19345436095749857,-77.99516666666666
West,Oregon,2017,2,638.136,78.2398,17,3,3,0.12260677974601027,26.079933333333333
West,Oregon,2017,3,1155.102,-4.4062999999999946,45,7,7,-0.003814641477549164,-0.6294714285714278
West,Oregon,2017,4,1093.355,-450.9592,47,5,5,-0.41245450928563915,-90.19184
West,Utah,2014,1,280.276,46.9632,21,1,1,0.1675605474603605,46.9632
West,Utah,2014,2,237.028,74.65559999999999,16,3,3,0.31496532055284604,24.885199999999998
West,Utah,2014,3,2237.964,611.2546,34,2,2,0.27312977331181376,305.6273
West,Utah,2014,4,188.42,89.7822,10,2,2,0.47650037151045543,44.8911
West,Utah,2015,1,28.92,5.7762,6,2,2,0.19973029045643154,2.8881
West,Utah,2015,2,1750.67,211.96620000000001,18,2,2,0.12107718759103658,105.98310000000001
West,Utah,2015,3,1957.38,358.92240000000004,8,2,2,0.18336878889127303,179.46120000000002
West,Utah,2015,4,256.35,92.6823,14,1,1,0.3615459332943241,92.6823
West,Utah,2016,3,1603.2900000000002,481.5122,14,3,3,0.30032757642098434,160.50406666666666
West,Utah,2016,4,219.12,95.84389999999999,24,1,1,0.4374037057320189,95.84389999999999
West,Utah,2017,3,2429.518,463.63870000000003,49,5,5,0.1908356719316342,92.72774000000001
West,Utah,2017,4,31.12,13.536000000000001,5,2,2,0.434961439588689,6.768000000000001
West,Washington,2014,1,2757.892,360.7111,52,8,8,0.13079232254199946,45.0888875
West,Washington,2014,2,5585.916,1543.2734,60,9,9,0.27627937835083805,171.47482222222223
West,Washington,2014,3,14236.452,2976.9703999999997,137,16,16,0.20910901114968813,186.06064999999998
West,Washington,2014,4,7291.316,1726.3216,102,12,12,0.2367640628934475,143.86013333333332
West,Washington,2015,1,10365.64,2944.0245,57,12,12,0.28401762939866715,245.335375
West,Washington,2015,2,1331.896,304.8243,49,9,9,0.22886494140683658,33.869366666666664
West,Washington,2015,3,3428.854,444.29630000000003,63,12,12,0.12957574163262714,37.02469166666667
West,Washington,2015,4,8289.124,1635.5746000000001,106,14,14,0.19731573565554095,116.82675714285715
West,Washington,2016,1,1146.03,39.441300000000005,32,7,6,0.03441559121488967,6.573550000000001
West,Washington,2016,2,1961.496,606.4579,76,10,10,0.30918130855224785,60.64579
West,Washington,2016,3,6538.466,1354.2566,180,24,24,0.2071214563171239,56.42735833333333
West,Washington,2016,4,10168.292,2209.7199,163,27,26,0.2173147564999117,84.98922692307693
West,Washington,2017,1,19928.356,7768.002,125,16,16,0.3897964287671296,485.500125
West,Washington,2017,2,8143.992,2050.3616,158,19,19,0.25176370507240187,107.91376842105264
West,Washington,2017,3,20457.007999999998,5265.9915,243,28,28,0.257417482556589,188.071125
West,Washington,2017,4,17010.54,2172.4247,280,33,33,0.1277105077205074,65.83105151515151
West,Wyoming,2016,4,1603.136,100.196,4,1,1,0.0625,100.196
